4b5eeb300368260019c1fbc7a3c718fc	CP000139.346743.348252	100.0	120	0	0	1	120	1	253	-1	0
868528ca947bc57b69ffdf83e6b73bae	CP008741.698758.700300	100.0	120	0	0	1	120	1	253	-1	0
d29fe3c70564fc0f69f2c03e0d1e5561	AP017652.14792.16335	100.0	120	0	0	1	120	1	252	-1	0
fe30ff0f71a38a39cf1717ec2be3a2fc	CP031251.2021657.2023177	100.0	120	0	0	1	120	1	253	-1	0
154709e160e8cada6bfb21115acc80f5	AB050108.1.1455	100.0	120	0	0	1	120	1	253	-1	0
1d2e5f3444ca750c85302ceee2473331	CP031477.743696.745215	100.0	120	0	0	1	120	1	253	-1	0
0305a4993ecf2d8ef4149fdfc7592603	AB050110.1.1425	100.0	120	0	0	1	120	1	253	-1	0
3c9c437f27aca05f8db167cd080ff1ec	CP002122.1506695.1508172	100.0	120	0	0	1	120	1	253	-1	0
997056ba80681bbbdd5d09aa591eadc0	CP024703.1338707.1340248	100.0	120	0	0	1	120	1	252	-1	0
bfbed36e63b69fec4627424163d20118	CP023819.1043647.1045165	100.0	120	0	0	1	120	1	253	-1	0
cb2fe0146e2fbcb101050edb996a0ee2	CP012974.502725.504267	100.0	120	0	0	1	120	1	252	-1	0
9079bfebcce01d4b5c758067b1208c31	CP017296.3429056.3430602	100.0	120	0	0	1	120	1	253	-1	0
90d32ffe026535b392c0bad850f213c4	CP026548.579189.580706	100.0	120	0	0	1	120	1	253	-1	0
d86ef5d6394f5dbeb945f39aa25e7426	AP019004.2434210.2435766	100.0	120	0	0	1	120	1	252	-1	0
ab4ef4399912b0507d8d1187e874684d	JF189647.1.1358	100.0	120	0	0	1	120	1	253	-1	0
699071a4a7ce68918e4cd93a61275ecd	CP002843.1727460.1728995	100.0	120	0	0	1	120	1	252	-1	0
a049763053c277b16c2a318f41eb23b4	CP009312.554489.556018	100.0	120	0	0	1	120	1	253	-1	0
cdd14cce4ec44b3235923652b71e947e	AB510708.1.1476	100.0	120	0	0	1	120	1	253	-1	0
b44621e5c80607cdfacbf7a81e1cbe41	CP013939.1111603.1113157	100.0	120	0	0	1	120	1	252	-1	0
e8e6b7fc969005938de8ac7ffb94f17c	AM696846.1.1481	100.0	120	0	0	1	120	1	254	-1	0
7e598ad34909a3fb8ff1623f1ede11a6	ABYQ02000011.992.2497	100.0	120	0	0	1	120	1	254	-1	0
535696cecf56f03d3401d7d6dbe66d7b	CP001107.10914.12434	100.0	120	0	0	1	120	1	253	-1	0
fd86856409fe6433d719558a30910515	CP031681.505672.507217	100.0	120	0	0	1	120	1	253	-1	0
9f718b8f66b79c3de80546ca9a54539c	LT906445.103238.104788	100.0	120	0	0	1	120	1	252	-1	0
44ff26d8105cf822417b4b0c4eb27c02	AE015928.2340709.2342191	100.0	120	0	0	1	120	1	253	-1	0
f352c1f1efecf483511c2270aabd0ae6	CP002449.3142430.3143946	100.0	120	0	0	1	120	1	253	-1	0
ad41fe8f8be5b01c96549309937e3b14	CAEL01000039.53.1556	100.0	120	0	0	1	120	1	252	-1	0
909755d7142ea53c7f61c97c3586f26c	CP019041.3115534.3117077	100.0	120	0	0	1	120	1	253	-1	0
fcd4f95c05b868060121ff709085bf21	AB109769.669.2189	100.0	120	0	0	1	120	1	252	-1	0
ab6b063ed43d8cb3008e157a0a305c47	ABFK02000016.619821.621335	100.0	120	0	0	1	120	1	253	-1	0
57b34afdff2e84fb9b0befd219edcb38	BAAV01003125.60.1537	100.0	120	0	0	1	120	1	253	-1	0
0160e14a78b18b903618f11bc732746e	CP015409.1960463.1961978	100.0	120	0	0	1	120	1	253	-1	0
047b7fb62a5e9d2711e639ae1cb1519a	CP020566.138961.140529	100.0	120	0	0	1	120	1	252	-1	0
e7c8b8c8fced8eead4b767bffe6dd544	AKXI01000023.18721.20219	100.0	120	0	0	1	120	1	252	-1	0
d2613a43f4ed1dda8a673e7fb251ebef	AY850461.1.1228	100.0	120	0	0	1	120	1	253	-1	0
e31b5affbe5e23b79a8619589f3b6620	HG975445.39219252.39220730	100.0	120	0	0	1	120	1	253	-1	0
01e0b7ac306895be84179f2715af269b	DQ797586.1.1394	100.0	120	0	0	1	120	1	253	-1	0
67e23140639733766b7e127f50221289	EU160560.1.1339	100.0	120	0	0	1	120	1	252	-1	0
7dd9c9124ec3f118a6cef1f0d422c011	EU794119.1.1454	97.5	120	3	0	1	120	1	253	-1	0
1685b25b43eb070cd7655de8c2d8c0a4	JN644765.1.1533	98.3	120	2	0	1	120	1	253	-1	0
ee0fb26fca3afb05e0b288d6fcab899e	CP018937.2409138.2410677	100.0	120	0	0	1	120	1	253	-1	0
500d6b485cef4c52aad211d6d6e6dbc7	CP004062.2688518.2690046	100.0	120	0	0	1	120	1	254	-1	0
db793caa585e078770021a7979ae8ea2	CP003206.1197758.1199264	100.0	120	0	0	1	120	1	254	-1	0
d1d750ce3b00503c204516d27ca0d3b0	LS483440.200678.202222	100.0	120	0	0	1	120	1	253	-1	0
ebe0e9790089ad4f40151cb4a3231a8f	AB022027.1.1407	100.0	120	0	0	1	120	1	253	-1	0
f35ce9c514e1398308f5f84ed50b260f	HQ771651.1.1444	100.0	120	0	0	1	120	1	252	-1	0
636c27859c1ac0a7994ca8ed145d03fe	CP000425.2326027.2327574	100.0	120	0	0	1	120	1	252	-1	0
b685f8246fb6fad0fd91574c444b8f51	AJ439343.1.1503	100.0	120	0	0	1	120	1	253	-1	0
79e9e337b10e2d298bb1b3bde946782d	CP006834.502047.503595	100.0	120	0	0	1	120	1	250	-1	0
0a69950e803a5d9e7166c450e44f43cf	AJ270473.1.1454	100.0	120	0	0	1	120	1	253	-1	0
e5c80b4a23b96b2fa35b6da6cac2bf73	EU420062.1.1385	100.0	120	0	0	1	120	1	253	-1	0
9118606a87ac19f8d041da20f16f3236	CP000140.416000.417494	100.0	120	0	0	1	120	1	253	-1	0
ae27459b7f5465815b1f565d792083ce	AB547695.1.1489	100.0	120	0	0	1	120	1	253	-1	0
d8e8459398f3f096775f4298666880a7	AM420060.1.1490	100.0	120	0	0	1	120	1	252	-1	0
fba3d9b3872ff9021d66434323fb9565	LT906445.578697.580247	100.0	120	0	0	1	120	1	252	-1	0
6edca9464612efff71d8f97299f01663	AM420252.1.1492	100.0	120	0	0	1	120	1	253	-1	0
4fdf8dcd9451f5742982d716fa9f0536	AEQP01000026.54.1572	100.0	120	0	0	1	120	1	253	-1	0
4ea5683e2c2a183c11c45dc8fbd0c67c	CP013260.747015.748544	100.0	120	0	0	1	120	1	254	-1	0
469e4ff2129066178b74b112829fc03c	ACGD01000048.119.1624	100.0	120	0	0	1	120	1	254	-1	0
41fedaa9200e2933821f84ecdc0b0772	AB506165.1.1522	100.0	120	0	0	1	120	1	253	-1	0
54d098d009b89779530eaf43a1bb136a	DQ113703.1.1462	100.0	120	0	0	1	120	1	253	-1	0
41735c13fb7f63db49b10fba5d959ce3	CP028150.264096.265641	100.0	120	0	0	1	120	1	253	-1	0
76174505aef45f134d8068d5ad2c42aa	KR514438.1.1439	99.2	120	1	0	1	120	1	252	-1	0
4c4606a3dbb4f5b8bb1ad1db6dfc5617	CP012352.621451.622987	100.0	120	0	0	1	120	1	253	-1	0
b8afb7bb30b7a9170b7c6dcd40251d54	EU794119.1.1454	98.3	120	2	0	1	120	1	253	-1	0
b3d4d129c955517b446df657236ba5a2	HM124083.1.1490	100.0	120	0	0	1	120	1	252	-1	0
1f50ac250618ced095a2a5c34bae7651	CP000792.1086387.1087844	100.0	120	0	0	1	120	1	253	-1	0
3ef461f213bfc675ddf0b1bfeef2dc52	CDYH01004733.267.1779	100.0	120	0	0	1	120	1	253	-1	0
fc15824cd9e9c29e1319d32843452b54	LT630450.1820787.1822337	100.0	120	0	0	1	120	1	253	-1	0
f8f937eeee7762f446a0e87292f98eb6	AB238928.1.1492	100.0	120	0	0	1	120	1	253	-1	0
b2866fdca13681232057e3e85a1978cf	CP009215.622461.623988	100.0	120	0	0	1	120	1	254	-1	0
052128d7d424728578efe7852b0afd0d	AY981729.1.1356	100.0	120	0	0	1	120	1	253	-1	0
fc5b641a0b0408d99ddfb2a5ba64da59	AP000423.101012.102502	100.0	120	0	0	1	120	1	253	-1	0
2514cdaab96a1a42cf15506f2ecf6439	AY323228.1.1374	100.0	120	0	0	1	120	1	253	-1	0
e0472171de6fa02a1f58e392ad3d000e	AJ867648.1.1503	100.0	120	0	0	1	120	1	253	-1	0
e063d1c3c9daf7390e5475e48d9b01c5	CP001104.15561.17079	100.0	120	0	0	1	120	1	253	-1	0
958bc15b660bce0b894665d13f910f5b	GQ083769.1.1348	100.0	120	0	0	1	120	1	252	-1	0
9af77e369d2ba4b3bb6e0e808ed84d91	LS483385.2153793.2155328	100.0	120	0	0	1	120	1	252	-1	0
2e55763e77234a7bfc3a311067a0c7e1	AP018536.1744768.1746266	100.0	120	0	0	1	120	1	253	-1	0
1b448e00c078f81e49a61933072345d2	CP017007.706520.708067	100.0	120	0	0	1	120	1	253	-1	0
f8a71161ac98c5ceafcc75e57ace7230	AOTI010371954.25139.26771	97.5	119	3	0	1	120	1	250	-1	0
162ed46308ef9dd1600fb0fe7c90b186	CP018215.1970574.1972145	100.0	120	0	0	1	120	1	253	-1	0
5ada68b9a081358e1a7d5f1d351e656a	AWVR01000095.17.1514	100.0	120	0	0	1	120	1	253	-1	0
e77bac543df42865af751a32a2942fdb	AM277332.1.1483	100.0	120	0	0	1	120	1	253	-1	0
26b8b1509edf09c438db1634308c3c90	CP003666.348540.350056	100.0	120	0	0	1	120	1	253	-1	0
26133b4163fdcd22d86f4e04e74154f1	AF371648.1.1457	100.0	120	0	0	1	120	1	253	-1	0
e737a3a864791ec52f1398d83786f4f2	JN713437.1.1497	100.0	120	0	0	1	120	1	253	-1	0
29a92aecac56c855cbfc0debf9bda0c8	AP018533.3497830.3499340	100.0	120	0	0	1	120	1	253	-1	0
3ae3e825c5e3862af6c17798e2b40a37	DQ793839.1.1405	100.0	120	0	0	1	120	1	253	-1	0
880968796af86b3d6270c228fe8e7026	CDYT01032079.210.1720	100.0	120	0	0	1	120	1	253	-1	0
c4aad64f84f51ff331b986a67af4ed3d	CP032286.610801.612341	100.0	120	0	0	1	120	1	253	-1	0
81351ef6b4d49a3a6b2fc24745d70305	GM884477.1.1514	100.0	120	0	0	1	120	1	253	-1	0
79dcabe7f92f8cf2723b796dcd2f239f	ACEB01000045.3595.5131	100.0	120	0	0	1	120	1	254	-1	0
75258a676bcd7e73c2437d6a2012d490	CP024724.786175.787714	100.0	120	0	0	1	120	1	253	-1	0
7a5d5e6f85da7ca91daa2d803e8f9279	AQHX01000008.421436.422946	100.0	120	0	0	1	120	1	253	-1	0
401d7866836c54f3cd18bd0fc814885e	AM697030.1.1479	100.0	120	0	0	1	120	1	252	-1	0
839fafb762395fab1ba257442ec29e7f	CP002589.2480776.2482250	100.0	120	0	0	1	120	1	253	-1	0
f59a4d48a03cc224462bf83e4d4ab126	CP031837.273576.275080	100.0	120	0	0	1	120	1	252	-1	0
6b82e6cb771d45d6c925405b66299d7f	ACLJ02000001.1019768.1021272	100.0	120	0	0	1	120	1	254	-1	0
eecc4a4317225eb579540e82ab785716	CP023819.1043647.1045165	99.2	120	1	0	1	120	1	253	-1	0
5c82bad13c4ebd2ed1bd23a8c2e37fc5	GQ422743.1.1537	100.0	120	0	0	1	120	1	252	-1	0
2ff525a1e58c54525e7f2d68a6c0b23e	FM995649.1.1471	100.0	120	0	0	1	120	1	253	-1	0
a895b66cac813ac67ce1c908259b646f	AB616132.1.1391	100.0	120	0	0	1	120	1	252	-1	0
acfe4c003905a7074aeaf385b78ad9e0	BABD01000680.619.2209	100.0	120	0	0	1	120	1	253	-1	0
684721318896ed01048f3502333c214d	AB680379.1.1388	100.0	120	0	0	1	120	1	253	-1	0
d781fa7e866ac295ce9a56bd97912983	AAQK01003598.434.1912	100.0	120	0	0	1	120	1	253	-1	0
a5551fc60aa8bbaab737487552ea2a75	HM124083.1.1490	99.2	120	1	0	1	120	1	252	-1	0
0b925631436d3775231b60f9d0011cae	AB680997.1.1412	100.0	120	0	0	1	120	1	253	-1	0
a4c08e2c3a34038ea877b16d01736837	AB698910.1.1423	100.0	120	0	0	1	120	1	253	-1	0
4980b85712efeef1fc4563a9a949fe2e	CP030994.70760472.70761941	100.0	120	0	0	1	120	1	253	-1	0
f91c81859bf6eede55eef9c915dd8bab	AJ408969.1.1494	99.2	120	1	0	1	120	1	253	-1	0
5601f094afc823d75ccb34440645a99e	AF385505.1.1533	100.0	120	0	0	1	120	1	253	-1	0
4075a90811bf9c19f02f5aa2ece6da37	CP023422.1326797.1328337	100.0	120	0	0	1	120	1	253	-1	0
a659784c026bd9c8cde94da36aa656d7	AB108826.1.1493	100.0	120	0	0	1	120	1	253	-1	0
21a0198d0a83a8f3ec0e401067138940	EU463678.1.1390	99.2	120	1	0	1	120	1	253	-1	0
56c98126dde3abb2d263088db55e12c8	AB245368.1.1463	100.0	120	0	0	1	120	1	253	-1	0
f16a387e898dbae6432b2ed0241120bd	CEAD01018142.1.1397	100.0	120	0	0	1	120	1	253	-1	0
3125abe90c7ae91aec06eb104d71845f	CAJU020000008.26198.27704	100.0	120	0	0	1	120	1	252	-1	0
b383ade799e9c83c649cec37705a251d	DQ808930.1.1287	100.0	120	0	0	1	120	1	253	-1	0
3cdd97ba69a504117de24626ba790e96	CP024185.2200532.2202078	100.0	120	0	0	1	120	1	254	-1	0
4132561a08d25757e4bee9f73ec4a70a	AY005024.1.1501	100.0	120	0	0	1	120	1	253	-1	0
30faafef155964edd9db9374f36c45bf	DQ806965.1.1388	100.0	120	0	0	1	120	1	253	-1	0
3bf2fc236887eda11c969b84d30f9fbf	CP001013.324492.326011	100.0	120	0	0	1	120	1	253	-1	0
fb4f7d9d3f91ac2f22a542fbd13019c1	CQ889265.1.1477	100.0	120	0	0	1	120	1	253	-1	0
b0f7e29de400c6b517b39230dc1b4365	JF163171.1.1356	100.0	120	0	0	1	120	1	253	-1	0
393e6e2cbe258ed27a4ca0a2ee0d2cdc	AJ811975.1.1356	100.0	120	0	0	1	120	1	253	-1	0
9d3ec96491b522546acbdfa3b21b6071	AB681353.1.1464	100.0	120	0	0	1	120	1	253	-1	0
1d17561d16d803f652b0d6bdd671c1cc	AGCK01000014.389.1908	100.0	120	0	0	1	120	1	253	-1	0
3982159c2603cacc4bc4893003bda323	AB261128.1.1492	100.0	120	0	0	1	120	1	253	-1	0
b1e22f094d8c64fb56dbacf680dab8c9	AM419980.1.1493	100.0	120	0	0	1	120	1	253	-1	0
a5df9a825c3d8eeb228a6781c3db134c	AF371571.1.1449	100.0	120	0	0	1	120	1	253	-1	0
b92e89d105e0a6e09e5984879c4c7809	AB300988.1.1342	100.0	120	0	0	1	120	1	252	-1	0
ff3df50eea7490dd794148649c480fd3	DQ799097.1.1389	100.0	120	0	0	1	120	1	253	-1	0
d46bfd723f625e317606ae28580eba3e	*	0.0	0	0	0	0	0	0	0	-1	0
3a1c2d5547ddb7f76306a042f8bef6a4	AB636962.1.1491	100.0	120	0	0	1	120	1	253	-1	0
8da02c7114ba0d9ee40312926e037a8f	AJ314919.1.1470	100.0	120	0	0	1	120	1	254	-1	0
87899779aec8d38dfaf48d895cfe8021	CAHA01000059.20.1541	100.0	120	0	0	1	120	1	253	-1	0
846cbaf603b77be035fe0cb61d14a23c	AB547706.1.1493	100.0	120	0	0	1	120	1	253	-1	0
145f11599b92ad3a4c93896b0edf8c0c	CDYQ01034423.590.2075	100.0	120	0	0	1	120	1	253	-1	0
7eedfc5c8d0d6b8852fabb20d52a8c5d	AB183888.1.1424	100.0	120	0	0	1	120	1	253	-1	0
e8fb2b3d01d369dbb5d3764548193ae9	CP009761.556932.558467	100.0	120	0	0	1	120	1	252	-1	0
c4f955168102011d272b685aa772c10a	AB680900.1.1472	100.0	120	0	0	1	120	1	253	-1	0
513de43781dc4c2831eb83b23940d66b	AY571668.1.1382	100.0	120	0	0	1	120	1	252	-1	0
1d284bea12006c939c03d622ce2abd5e	AY362907.1.1360	100.0	120	0	0	1	120	1	253	-1	0
13692c41b4bf5d577c28c278caafcddb	LT629793.5607038.5608578	100.0	120	0	0	1	120	1	253	-1	0
185df2b73b4805164470dfaea2d05223	AP012032.3398195.3399722	100.0	120	0	0	1	120	1	253	-1	0
2f4c5e75c0e4cdfcbddbe93ef1f410a3	AB547639.1.1489	100.0	120	0	0	1	120	1	253	-1	0
1b963d0d7457ac133aed9497f03b5a64	AB425062.1.1481	100.0	120	0	0	1	120	1	253	-1	0
24443b70088636edf08f0c9572d7faf4	D83358.1.1475	100.0	120	0	0	1	120	1	253	-1	0
bb370945a6777f712cfd963c55f2ff54	AF371544.1.1441	100.0	120	0	0	1	120	1	253	-1	0
ed950935b660fb10449d5f229dc13fb9	FJ673360.1.1377	100.0	120	0	0	1	120	1	253	-1	0
59fefb91cc66ef6930b0201e4bf24cbb	HF545616.164905.166411	100.0	120	0	0	1	120	1	253	-1	0
1f0a072da4906270a684a389c1586582	AJ867049.1.1500	100.0	120	0	0	1	120	1	253	-1	0
aa668eb01ca9dcc59aeb1454b600c8c8	DQ793897.1.1291	100.0	120	0	0	1	120	1	253	-1	0
44543d9c6bb193c64d38c9bdb6790eec	AB818950.1.1501	100.0	120	0	0	1	120	1	253	-1	0
724c43ad3632cb8c5c6230c874551bd2	AJ308298.1.1370	100.0	120	0	0	1	120	1	253	-1	0
d3e265209c342d15d93a910e38ad9be2	FJ504169.1.1373	100.0	120	0	0	1	120	1	253	-1	0
626b8ee112be0ec208bb16445611d001	AB681144.1.1447	100.0	120	0	0	1	120	1	253	-1	0
3a69cb2f27ac76a05405efbb5088d249	CP022386.1438058.1439578	100.0	120	0	0	1	120	1	253	-1	0
9590aed21545774c71a124f2b5200691	GQ014247.1.1349	100.0	120	0	0	1	120	1	252	-1	0
475741f076c42d2c75d2d63c14fe4d3f	LS483443.578719.580246	100.0	120	0	0	1	120	1	253	-1	0
84755bc954af6d3b39bb4c369e5992e7	CDZP01049187.10668.12177	100.0	120	0	0	1	120	1	253	-1	0
848587c4a03949500c5815bd6edb7b6e	FJ557803.1.1386	100.0	120	0	0	1	120	1	253	-1	0
8cd2a871fab61bdea4ef23a295c371cf	AF016390.1.1538	100.0	120	0	0	1	120	1	253	-1	0
5437cb1c86c72638cbbc12896f88d1b1	ABOU02000049.4536.6056	100.0	120	0	0	1	120	1	253	-1	0
cba5f5b1153235425628bd77a28257c7	AM278277.1.1487	100.0	120	0	0	1	120	1	253	-1	0
49232f27012731b0a65805c0919e2bbc	AM420032.1.1494	100.0	120	0	0	1	120	1	253	-1	0
063fa4f5a6fa894f7f8243468324ac5e	APRU01000005.148501.150026	100.0	120	0	0	1	120	1	253	-1	0
4b8228f4d7d3809aa6827e8d9e11a9ae	DQ799507.1.1396	100.0	120	0	0	1	120	1	253	-1	0
2fa276cce32e900f0f68d30e460b8f61	DQ793267.1.1390	100.0	120	0	0	1	120	1	253	-1	0
c99439f78b73ffcf55858ae828aac608	HQ698573.1.1467	99.2	120	1	0	1	120	1	253	-1	0
4ce1be9cea00a1eb7f960600e1ff3cfa	CP026616.2538813.2540396	100.0	120	0	0	1	120	1	253	-1	0
1b75626f6834620dc2c729a1a81f497a	CP026412.1475456.1476995	100.0	120	0	0	1	120	1	253	-1	0
f023384b8f989d014dd2ead7f10db307	DQ793225.1.1382	100.0	120	0	0	1	120	1	253	-1	0
dd7e1e45831871f719cc3cd68f568e7c	AB680532.1.1501	100.0	120	0	0	1	120	1	253	-1	0
24523c45ca39b6c81a01ce286c0c092b	JQ447663.1.1371	100.0	120	0	0	1	120	1	253	-1	0
344b020d867e3210563eaf40b0c557ef	AE008923.5069297.5070843	100.0	120	0	0	1	120	1	253	-1	0
b5bf6383b53e0add0d6589b73949462a	AB547682.1.1492	100.0	120	0	0	1	120	1	253	-1	0
16564bc936c839c893f951bab613a30b	CP016033.196402.197892	100.0	120	0	0	1	120	1	253	-1	0
51ddb685cfb1775931489ebbd3eef6ca	ADCM01000022.93.1598	100.0	120	0	0	1	120	1	253	-1	0
c5b61a414bdb4305544bb4f941e0bfc9	GM884484.1.1519	100.0	120	0	0	1	120	1	253	-1	0
3e2c7eb0316409806267a8d9845b0b13	ACIJ02000018.407302.408819	100.0	120	0	0	1	120	1	252	-1	0
465e9cab9abce306c1e0f7459b325c33	DQ796862.1.1379	100.0	120	0	0	1	120	1	253	-1	0
24dfe6a7325e4f2be7dbd522ef613e42	CP003040.1035384.1036918	100.0	120	0	0	1	120	1	253	-1	0
136e9f5aa470119165e59d202fdb318c	AY979265.1.1360	100.0	120	0	0	1	120	1	253	-1	0
b8b19c4f0719a5d5b965a0f50f05827c	AJ312385.1.1482	100.0	120	0	0	1	120	1	253	-1	0
4a5387c4bc61f2d8f3d9d2de983ba556	KJ958494.1.1439	100.0	120	0	0	1	120	1	253	-1	0
77a517253ff10afeb78a37bc13d649a0	AF371614.1.1431	100.0	120	0	0	1	120	1	253	-1	0
07b2b1c3771f46d82c90b20a79fb3d04	JF175151.1.1358	100.0	120	0	0	1	120	1	253	-1	0
30a88dc67e6a522087c3dfc8019550a6	AP017895.407206.408679	100.0	120	0	0	1	120	1	253	-1	0
91d0b3b7c0329b9a164b6e04a181f1d6	DQ807031.1.1284	100.0	120	0	0	1	120	1	253	-1	0
9616cf56be891f816aa7abc6a13c9e8f	ACKP02000033.6.1544	100.0	120	0	0	1	120	1	252	-1	0
fea5c05e9b8245c5ca46f6673f59e0bf	AP018532.3066282.3067792	100.0	120	0	0	1	120	1	253	-1	0
14d168c89e381de6fc3091837a557e48	CP007626.1862690.1864225	100.0	120	0	0	1	120	1	251	-1	0
32875774cffdc8c820f91d8e86f9a0e6	CP012098.357627.359167	100.0	120	0	0	1	120	1	253	-1	0
43a9c44adeac51fd3ab95081da56d02d	EU763279.1.1360	100.0	120	0	0	1	120	1	253	-1	0
ca96b8fd01aa6c508305bacac37da6c2	FMJA01000006.260934.262419	100.0	120	0	0	1	120	1	252	-1	0
67f9c74eeea5a4609bd1d2fab66ad3cc	DQ794603.1.1392	100.0	120	0	0	1	120	1	253	-1	0
0bd7addf1b999f01ad58fec8412b8931	AB595133.1.1472	100.0	120	0	0	1	120	1	253	-1	0
c18826df5af5da174f580164c805a38a	CP003800.16649.18192	100.0	120	0	0	1	120	1	252	-1	0
ae881162d813e498f40bf33b8e42d54a	AY977176.1.1353	100.0	120	0	0	1	120	1	253	-1	0
2e202c4e4e803dbc6d54c9e3117afedd	EF510809.1.1491	100.0	120	0	0	1	120	1	253	-1	0
fc1f49989e78fa71bc6404ff2a148576	EU462802.1.1385	100.0	120	0	0	1	120	1	254	-1	0
62bf37c50994a06e6c8c93355ad1caa0	CP000304.866709.868244	100.0	120	0	0	1	120	1	253	-1	0
0c4b17f88dae47697d3bceb3663f47ce	AAVP02000029.271.1782	100.0	120	0	0	1	120	1	253	-1	0
4b13979d719e78a50cb0eac34d72dec1	FPLL01001308.9.1519	99.2	120	1	0	1	120	1	253	-1	0
38aff035451e491e5905508b9a173fb6	CP017062.59253.60826	100.0	120	0	0	1	120	1	253	-1	0
dd222108ed685d6a936d2011ea220998	JQ204798.1.1336	98.3	120	2	0	1	120	1	253	-1	0
7cdabbffaaa6cc6d9f478d91f312a8ee	JQ473730.1.1430	100.0	120	0	0	1	120	1	253	-1	0
823698689031b0b9c2c5152f92ffc70f	CDZG01031295.3785.5283	100.0	120	0	0	1	120	1	253	-1	0
126d3c82f184c4d9058cab124f287968	AB089480.1.1490	100.0	120	0	0	1	120	1	253	-1	0
9e1c6b703a4312cce306c7757688a351	AB547649.1.1485	100.0	120	0	0	1	120	1	252	-1	0
f99678fdc17d27a97c79faac3f2980a4	AF328155.1.1463	100.0	120	0	0	1	120	1	253	-1	0
9f1913b781d2cde1c8a4c57b7dc2ab83	HM120210.1.1395	100.0	120	0	0	1	120	1	253	-1	0
201b6484b6abe3d4c587464be6cbd574	DQ441348.1.1312	100.0	120	0	0	1	120	1	253	-1	0
1edc5497d3daf6d914427d32b71daa52	GQ158794.1.1338	100.0	120	0	0	1	120	1	252	-1	0
96a7dbb0e2c57e289c05b82e2db880be	AJ400848.97947.99437	100.0	120	0	0	1	120	1	253	-1	0
ecf9eb9fa3970ff27a221e626395c75d	GASZ01002509.15.1691	96.6	119	4	0	1	120	1	250	-1	0
3b65e1db6742cc44493248fff266f564	HQ775054.1.1437	100.0	120	0	0	1	120	1	253	-1	0
7dd981802694dec3ecdb61ee53805956	CP020806.1109220.1110797	100.0	120	0	0	1	120	1	253	-1	0
10710d3d706451c3536228e4b7d146db	CP012342.1302911.1304431	100.0	120	0	0	1	120	1	254	-1	0
e7a3af060bcc6686986ddfdf5536fac8	FM873108.1.1498	100.0	120	0	0	1	120	1	254	-1	0
55937e5781c91185e27a91216008e4ca	AY981930.1.1333	100.0	120	0	0	1	120	1	253	-1	0
1c7d1f74c2c43b872972f974eb196915	AB023970.1.1393	100.0	120	0	0	1	120	1	252	-1	0
dab4d3e6078cfc510502a47c98e82081	CP019721.1196476.1198018	100.0	120	0	0	1	120	1	252	-1	0
d8f7f446987e67092b6256c10b1ee69e	LS483348.16329.17865	100.0	120	0	0	1	120	1	252	-1	0
0dcaf9358eddf685864afb883cdf2363	AF385510.1.1522	100.0	120	0	0	1	120	1	253	-1	0
7f99061140cbf6c9081a204380efd8e1	AY005060.1.1490	100.0	120	0	0	1	120	1	253	-1	0
868a4fe285b85fa1b8eb40071d5397be	ACCJ01000522.48.1565	100.0	120	0	0	1	120	1	253	-1	0
a0b0961c7ba318abff3e5a93f09f495e	CDZQ01046174.191649.193144	100.0	120	0	0	1	120	1	253	-1	0
b00d44992702bd3743d7f353638d42f9	CP015399.1569951.1571493	100.0	120	0	0	1	120	1	253	-1	0
9b0549bb6e63f681bf133d2c7996055d	AB540988.1.1486	100.0	120	0	0	1	120	1	252	-1	0
4fccea69a702bcb90cc0147c0fff2995	DQ087194.1.1501	100.0	120	0	0	1	120	1	253	-1	0
aadef7fba5a0754fb631409c11fb331f	LT906463.370523.372052	100.0	120	0	0	1	120	1	253	-1	0
c04b03fdea7f81c8c52fc540c50a24a4	AY452001.1.1487	100.0	120	0	0	1	120	1	253	-1	0
6fea19332b7fb980e2124d0339c596c2	JN713276.1.1490	100.0	120	0	0	1	120	1	253	-1	0
ed75725613954c459019eec50b431f9f	AJ504424.1.1380	100.0	120	0	0	1	120	1	254	-1	0
9acad60e1ad588fb9250aab68dee645d	AABF01000026.18732.20232	100.0	120	0	0	1	120	1	252	-1	0
bfdc8d2e7693336b4f3781920d3fa253	GBJZ01053705.503.2425	95.0	120	6	0	1	120	1	258	-1	0
cfe4948493ea1b183b006512be10924a	JQ449602.1.1397	100.0	120	0	0	1	120	1	252	-1	0
919764896275058362e55f0849d2b38b	AF499906.1.1500	100.0	120	0	0	1	120	1	253	-1	0
80b20e907aa4fcf2309796bc303d151d	DQ441329.1.1295	100.0	120	0	0	1	120	1	253	-1	0
f3194c2eb241f821239009ca55dbb30c	AY850500.1.1243	100.0	120	0	0	1	120	1	253	-1	0
9da7a39de7e82006cc9533681adf765a	AB550231.1.1467	100.0	120	0	0	1	120	1	252	-1	0
2ca928ad9749bb9726c35d6528fefec1	DQ088797.1.1445	100.0	120	0	0	1	120	1	253	-1	0
54a5af5112600a1faf06be268f95616e	GBJZ01053705.503.2425	98.3	120	2	0	1	120	1	258	-1	0
50e96bbd1a8267119529843a1acb43a5	CP010797.281247.282867	100.0	120	0	0	1	120	1	253	-1	0
5a02c9985adcd7543dff8c846cff62a5	AB006899.1.1452	100.0	120	0	0	1	120	1	253	-1	0
53729ba7429e5bd2fe96229b14452bdc	AM420136.1.1475	100.0	120	0	0	1	120	1	253	-1	0
b428acd97e6af974db1b053a2bc2b5c8	AF035052.1.1416	100.0	120	0	0	1	120	1	253	-1	0
3add7df323955b22d1cea664ef38165d	AY684386.1.1444	100.0	120	0	0	1	120	1	253	-1	0
7ee56e891d069e18c3c8eb866924a26c	CP011502.2623679.2625206	100.0	120	0	0	1	120	1	253	-1	0
7f4909ae8d31a3995fa2c200c690a21f	CP015511.2802050.2803513	100.0	120	0	0	1	120	1	253	-1	0
66a605fcdaa020dbdd6136f241ea79d9	EF402410.1.1494	100.0	120	0	0	1	120	1	253	-1	0
8b111e12f8f73205bac732c7479a97e8	LT985192.1110341.1111867	100.0	120	0	0	1	120	1	253	-1	0
a1b971c01ce0b220275c218adbe717c1	DQ795356.1.1397	100.0	120	0	0	1	120	1	253	-1	0
e73fc2655e1cca4a2b1c419da3630c72	CP023566.832314.833884	100.0	120	0	0	1	120	1	253	-1	0
5df503c1ddf8f3f4ac9e49e983e3d7fd	AY979566.1.1352	100.0	120	0	0	1	120	1	253	-1	0
39b5567d2d979a9172c02435a5ede59d	KX508396.1.1496	100.0	120	0	0	1	120	1	253	-1	0
5decdad9c550489629ce441d32a69a1c	AM276759.1.1484	100.0	120	0	0	1	120	1	253	-1	0
e22afe3cb91239d19aeb01ba79015173	FPLM01007895.37.1515	100.0	120	0	0	1	120	1	253	-1	0
ebd1dcd162acede67bb633c42c7b2ac2	DQ797176.1.1393	100.0	120	0	0	1	120	1	253	-1	0
c57b70d65a63c4bf9f12c179c2416839	DQ905185.1.1458	100.0	120	0	0	1	120	1	254	-1	0
e2c355360209f0b71b70b85ed0f9532d	AF371628.1.1465	100.0	120	0	0	1	120	1	253	-1	0
41cb0c62655aa8da8968a06cde0f14a1	AF385565.1.1484	100.0	120	0	0	1	120	1	253	-1	0
da247df6fe91b74bf38d3ecc1c05b4b0	AB023371.1.1468	100.0	120	0	0	1	120	1	253	-1	0
6be3ad080a12e28c46c9ca4f94710ac7	AM420095.1.1471	100.0	120	0	0	1	120	1	253	-1	0
2de266b1ffa8e9ec6383c98096caf8f0	CP016282.161635.163143	100.0	120	0	0	1	120	1	253	-1	0
88b4862756df007aa0c6bc2ba049708b	ATBY01000001.60.1575	100.0	120	0	0	1	120	1	254	-1	0
ba0941f03086680ee946a10dfe90cf12	AM420008.1.1475	100.0	120	0	0	1	120	1	253	-1	0
3b74a95b189e134bb34c191b7693455d	DQ629436.1.1473	100.0	120	0	0	1	120	1	253	-1	0
0be23adca941c1335eb04db17dc66e98	AB547659.1.1435	100.0	120	0	0	1	120	1	253	-1	0
6be678de197b54f9a04f6c984b91ef22	AB024288.1.1477	100.0	120	0	0	1	120	1	253	-1	0
01b99cb344ed2530f7d80897ffe257a9	CP021362.559806.561346	100.0	120	0	0	1	120	1	253	-1	0
1a4ff0ff25ff4e919711422c2f605519	HM822017.1.1287	100.0	120	0	0	1	120	1	253	-1	0
28560cffcd31045fa07dd88557b43e05	ABDV01000079.31.1548	100.0	120	0	0	1	120	1	253	-1	0
101968ec709b68fcd964a68ff226dcd1	AF481215.1.1473	100.0	120	0	0	1	120	1	252	-1	0
bb173654871d294466912ef22f685faa	AB626632.1.1530	100.0	120	0	0	1	120	1	252	-1	0
58d6cee566e26e231916ccc2093ae053	JF175077.1.1352	93.3	120	8	0	1	120	1	253	-1	0
30273eb317696f87e7b6fd37ada4bb8f	GM884224.1.1508	100.0	120	0	0	1	120	1	253	-1	0
f9bc8716f02b0a22f03b1a686895aae1	GBJZ01053705.503.2425	99.2	120	1	0	1	120	1	258	-1	0
498ae808db957a63e20e836e1bf77f54	ACIQ02000009.463621.465132	100.0	120	0	0	1	120	1	253	-1	0
34e40677eda6fb724e9323b0835d5ab0	HQ780849.1.1451	100.0	120	0	0	1	120	1	252	-1	0
c9f68eb27669d95f1e365fc085b51ee6	MF086673.1.1499	100.0	120	0	0	1	120	1	253	-1	0
7fee9350277038eef98dee70b4190563	LN555523.2388619.2390111	100.0	120	0	0	1	120	1	252	-1	0
956d0a6f5a8e1d2fbb39df909cc14894	AF371674.1.1466	100.0	120	0	0	1	120	1	253	-1	0
95f07780b7e9b8b504c2563e63950663	AF473834.1.1411	100.0	120	0	0	1	120	1	254	-1	0
0f2a155a57fe6d0bf34767080706b3e1	CP017236.297193.298731	100.0	120	0	0	1	120	1	253	-1	0
0f55566622d8244073432b2e67b24baa	DQ793376.1.1284	100.0	120	0	0	1	120	1	253	-1	0
7f2aa6f3481a4039dcc8d1b8be32beb7	GU227215.1.1455	100.0	120	0	0	1	120	1	253	-1	0
f094a383692eb30761eb3d5c93240236	AF328156.1.1463	100.0	120	0	0	1	120	1	253	-1	0
ecbf086d6ccbe5e8c2a69d0afb144662	CP013200.5223.6764	100.0	120	0	0	1	120	1	253	-1	0
c9a1082e87563e01347729352358bbcf	AP013294.1005875.1007421	100.0	120	0	0	1	120	1	253	-1	0
ce0a68ef210192a51f60ec3eb8e3e92e	CP012195.493331.494830	100.0	120	0	0	1	120	1	253	-1	0
48eda83fda558aea8fdd32b9c8dfff98	CALI02000005.143.1657	100.0	120	0	0	1	120	1	253	-1	0
4ab53e40e06f3a9b0b9b2669d8a52f65	HQ811283.1.1442	100.0	120	0	0	1	120	1	253	-1	0
7a20f7055ca2c7462cfa6a7aef16ec28	JQ411244.1.1495	100.0	120	0	0	1	120	1	252	-1	0
3f448350064694e647b284259bdebb91	FQ312044.15361.16794	100.0	120	0	0	1	120	1	252	-1	0
955d8fcbb35e8bc04c8df0c6aae34d34	CP011246.2508993.2510465	100.0	120	0	0	1	120	1	253	-1	0
5fb5ace22c46fefb30969da7bb0dcb74	MG593776.66280.67756	87.5	120	14	1	1	120	1	227	-1	0
1c40ac02c49ea9e03881b0f183373417	FJ557586.1.1389	100.0	120	0	0	1	120	1	254	-1	0
fe98555e63f547c33b3987391cd34d5d	HE681253.1.1518	100.0	120	0	0	1	120	1	253	-1	0
816b94bcd935ca38afe71fd1e3c5356c	ABVR01000038.1362.2880	100.0	120	0	0	1	120	1	253	-1	0
1a5ff65c7f309159df626f810d96ae8b	AB911319.1.1431	100.0	120	0	0	1	120	1	253	-1	0
5042942b77f5b924b8f8c11de37a3626	CP002280.985110.986624	100.0	120	0	0	1	120	1	253	-1	0
30ebe1a33c21c25c55e4fdbb5894b832	JQ467815.1.1401	100.0	120	0	0	1	120	1	252	-1	0
a5185df881810390f29afa3ba3ccf522	EU919515.1.1268	100.0	120	0	0	1	120	1	253	-1	0
8659c05e82a2d1399cbc3fd26ab938e4	AF010474.1.1472	100.0	120	0	0	1	120	1	254	-1	0
aee707afe3847427a6d3d34e31437923	AY985804.1.1365	100.0	120	0	0	1	120	1	253	-1	0
54b4964000ad1631e547c46a828ed1a0	AY985427.1.1357	100.0	120	0	0	1	120	1	253	-1	0
3677e15d86603bf0a6bb50f8b010afe7	CYZE01000004.470365.471876	100.0	120	0	0	1	120	1	253	-1	0
acba6a53153faccd2c02a9c0e8a2d941	AB547688.1.1490	100.0	120	0	0	1	120	1	253	-1	0
072698f9668d5a094cdc1a672acc4747	HM333224.1.1347	100.0	120	0	0	1	120	1	252	-1	0
cbb7ea319a7633cf0917c6e5cde0e923	AF371674.1.1466	98.3	120	2	0	1	120	1	253	-1	0
8c43291754ba53fa1e206f0ac7a18772	ACKT01000055.15.1310	100.0	120	0	0	1	120	1	252	-1	0
aa9f89f9af07d53e077462471423f3ab	AB643465.1.1491	100.0	120	0	0	1	120	1	252	-1	0
d329ff7ff76454d2282c9f01c2798588	CP013963.1400445.1401937	100.0	120	0	0	1	120	1	253	-1	0
1893b0ad352ee7db0f565bc4594e6dc6	DQ394603.1.1537	100.0	120	0	0	1	120	1	253	-1	0
2b148d88c49e316f85b6e7863089a886	ACEP01000116.1.1424	100.0	120	0	0	1	120	1	253	-1	0
921966b15e5f1508e8650d053443c385	JF142224.1.1345	100.0	120	0	0	1	120	1	253	-1	0
e2f0caba18b002ca9762ed56167c6188	DQ806815.1.1359	99.2	120	1	0	1	120	1	253	-1	0
ee7ce85e38500b28d9d79b63c7fbf9a6	AY850119.1.1396	100.0	120	0	0	1	120	1	252	-1	0
d3f59bdb915bb43f2ecd96ad9296ae92	JF217893.1.1356	100.0	120	0	0	1	120	1	252	-1	0
37c7d17f9e371c1e11a0e22b1ce15ab0	AF542230.1.1406	100.0	120	0	0	1	120	1	252	-1	0
55ec4b057c122957d25013675512c73d	AJ344134.1.1511	100.0	120	0	0	1	120	1	253	-1	0
f8026fa73c97b3f69cf4369cf194fb8b	CWHU01000004.388967.390473	100.0	120	0	0	1	120	1	252	-1	0
97e0a84031c426df75af82aeff951f26	CP022385.1345234.1346756	100.0	120	0	0	1	120	1	253	-1	0
edacf632dcadc21c328669befafe2af6	AY977174.1.1362	100.0	120	0	0	1	120	1	253	-1	0
de391a8294254c47e8f460325eea85f8	GQ451252.1.1465	100.0	120	0	0	1	120	1	253	-1	0
a70441600c181b747a763ce5a7414a3f	FLQT01000003.189534.191041	100.0	120	0	0	1	120	1	252	-1	0
f32674aec6d3fa6a7aa2323cb35699fc	EU463335.1.1392	100.0	120	0	0	1	120	1	253	-1	0
1f926dee6544b252d38067cc7753383a	AY596468.1.1492	100.0	120	0	0	1	120	1	253	-1	0
7103ca740aeadee8bdf7cedaefac990b	MF086673.1.1499	99.2	120	1	0	1	120	1	253	-1	0
bfbf3b84b315e741c4345ebb43e2b9cc	AJ316573.1.1475	100.0	120	0	0	1	120	1	253	-1	0
68c05655a58355526692d3a1f0968aff	AJ441003.1.1476	100.0	120	0	0	1	120	1	253	-1	0
42872dc875fef6070dfa78984184c096	AJ006963.1.1453	100.0	120	0	0	1	120	1	252	-1	0
a621ed0faf5f6d7f3ad8f5e66cd41faf	AB547702.1.1491	100.0	120	0	0	1	120	1	253	-1	0
22ed70e219c67c2bf4e20e0b144b12bb	AB680829.1.1455	100.0	120	0	0	1	120	1	253	-1	0
74c2326ccd0bc2bd9e0f23f15b79ea16	AY975491.1.1354	100.0	120	0	0	1	120	1	253	-1	0
02ef9a59d6da8b642271166d3ffd1b52	BABD01000485.1167.2678	100.0	120	0	0	1	120	1	253	-1	0
4516f28133b919f8d8039ece23d8dd2e	JQ450673.1.1394	100.0	120	0	0	1	120	1	253	-1	0
2cec2792e54f61e12e1a0b2507826118	CP024608.2126.3666	100.0	120	0	0	1	120	1	253	-1	0
ac809fd715cced98911f73f1dfb1ffb9	FJ671213.1.1317	100.0	120	0	0	1	120	1	253	-1	0
3b795f0122b28b0e6a07bec73894acee	AB627625.1.1522	100.0	120	0	0	1	120	1	253	-1	0
3bb6760ebcd348e0c695a5fb5fccf994	AY913360.1.1414	100.0	120	0	0	1	120	1	253	-1	0
bcb349a220a0c33a6b780dbc29a25f71	FPLK01001182.165.1665	100.0	120	0	0	1	120	1	253	-1	0
b8329e527429f07e08f04ecf93563779	CP001607.1920301.1921827	100.0	120	0	0	1	120	1	253	-1	0
d9efe89c658c7996e7738e1bb777c9f0	AM419993.1.1507	100.0	120	0	0	1	120	1	252	-1	0
e0f1938338e6f9b8cf8408e672ee6cd1	CP021237.10489.12009	100.0	120	0	0	1	120	1	253	-1	0
a875cba4e2e4da128cec805cd014731f	AF287767.1.1486	100.0	120	0	0	1	120	1	252	-1	0
d8db52dac1023a8fa0e56e92670d7ac1	DD159266.1.1509	100.0	120	0	0	1	120	1	253	-1	0
8f0a7d866b4e5ebf1e34d0a44eb950a4	DQ794311.1.1385	100.0	120	0	0	1	120	1	253	-1	0
6de4955c509e8f32f905760cad0beeae	AY958933.1.1490	100.0	120	0	0	1	120	1	252	-1	0
c1dedbc2ee20ed310022b9a1976d56c4	AM501435.1.1390	100.0	120	0	0	1	120	1	253	-1	0
51757b1a0a985640893725af5d87d350	DQ793262.1.1399	100.0	120	0	0	1	120	1	253	-1	0
726f76e9275bfa07ccb329dda324c58f	AF033305.1.1477	100.0	120	0	0	1	120	1	253	-1	0
c7ec57695a6d83b461eba523752755ec	DQ325898.1.1334	100.0	120	0	0	1	120	1	253	-1	0
b1141c1ab18997c3339e8229e0b9f41a	EF405084.1.1490	100.0	120	0	0	1	120	1	253	-1	0
41c686088d124f17c99dcf9bf3acf9d5	AB193725.27.1492	100.0	120	0	0	1	120	1	253	-1	0
01ce91fd8dbecf637eb5e67cdab5c5aa	AXUD01000014.413.1915	100.0	120	0	0	1	120	1	252	-1	0
66fb1fc4317badb5dfaec2bf8e5055d7	JN713507.1.1474	100.0	120	0	0	1	120	1	253	-1	0
c2562f279f2b32428e71ef8e8e1cd3d8	JN713388.1.1536	100.0	120	0	0	1	120	1	253	-1	0
ce1d8d111ba2aaec28d68a04e483bf3f	U13039.1.1496	100.0	120	0	0	1	120	1	252	-1	0
c5dfb8aa2b481cb89e2602fc20941587	AB525416.1.1493	100.0	120	0	0	1	120	1	253	-1	0
d51cd90e95b57acb614698dc580759fb	GQ491160.1.1334	100.0	120	0	0	1	120	1	253	-1	0
04c7e0ea3038f942f5a28778a74cd1c0	HQ800530.1.1445	100.0	120	0	0	1	120	1	253	-1	0
6401660183a33dded59f163fc63aab4d	CP022378.627361.628883	100.0	120	0	0	1	120	1	253	-1	0
d12759fe8dda1d65fe9077cc1ca9cf28	CP001673.2236594.2238105	100.0	120	0	0	1	120	1	253	-1	0
dc7d3610c77e7c118082f25002f26cd4	JN713206.1.1521	100.0	120	0	0	1	120	1	255	-1	0
1e9fc37a1112b198ed3d0543db7863c8	JF240422.1.1335	100.0	120	0	0	1	120	1	253	-1	0
44f993a57b632b8fde0c34ed075e1d66	AF133538.1.1486	100.0	120	0	0	1	120	1	253	-1	0
b0ca0d2568c23c26c6704017eae471e1	HQ815225.1.1440	100.0	120	0	0	1	120	1	253	-1	0
685ea779ee012329ec2a171f1823f8a8	ACJW02000005.160473.162001	100.0	120	0	0	1	120	1	253	-1	0
1c0a00b159b2154357cc9bc7499c58b2	AB514513.1.1485	100.0	120	0	0	1	120	1	254	-1	0
1a8d25f7529d783a219ef689701dd4e2	DQ808737.1.1402	100.0	120	0	0	1	120	1	253	-1	0
cf8a25fe1a1b134a027842e7769a285b	AB696357.1.1384	100.0	120	0	0	1	120	1	253	-1	0
b1e686a5c5f127a8b92de2863503a9e5	DQ113720.1.1469	100.0	120	0	0	1	120	1	252	-1	0
aa24dbd408e5d69c6b0d62846145a244	GU938836.1.1465	100.0	120	0	0	1	120	1	252	-1	0
459244e45f29ce28991de0114a16f9fa	JN713280.1.1508	100.0	120	0	0	1	120	1	252	-1	0
491ef1635067f62c395bdffd58966092	JQ189413.1.1360	100.0	120	0	0	1	120	1	253	-1	0
a03aa6a23dc8f296567452ec2242a5fd	ATCH01000005.67148.68647	99.2	120	1	0	1	120	1	252	-1	0
684b032107a3a32f6664dea4ef723a42	MG593776.66280.67756	84.2	120	16	3	1	120	1	227	-1	0
d32d15407d86a2044eead0d72cd3f9e7	AY672080.1.1587	100.0	120	0	0	1	120	1	252	-1	0
bb2704c9052362b112da42bf843e7d9b	FM866275.1.1450	100.0	120	0	0	1	120	1	253	-1	0
955280212814a2050dd2f640e10fc25d	JF170936.1.1333	100.0	120	0	0	1	120	1	253	-1	0
d5ef913e6aee3067001dc610ac8af1d1	AJ616763.1.1501	100.0	120	0	0	1	120	1	253	-1	0
3d6555a4886c6e4a89104136dd5ca39e	AB547656.1.1451	100.0	120	0	0	1	120	1	253	-1	0
e2cbf79a06f1221cf49d1bef8e5db9cd	AEES01000073.3826.5345	100.0	120	0	0	1	120	1	252	-1	0
d1c7ee5172f16dda522e46aaa4e5fa79	AB680785.1.1460	100.0	120	0	0	1	120	1	253	-1	0
e80d9134b601511a2702b54268b57249	FJ368864.1.1363	100.0	120	0	0	1	120	1	253	-1	0
74106ca246bcf2da5c4f95b82aa6867a	CP006650.69111.70561	100.0	120	0	0	1	120	1	253	-1	0
867e71db0537674539934bf97db51bc0	GU400522.1.1329	100.0	120	0	0	1	120	1	254	-1	0
3111520c8424a2a5bdd46558ae7650e8	AY033434.1.1497	100.0	120	0	0	1	120	1	253	-1	0
8c255f9dc0be58d1389877ec645f1a17	CP016450.3190492.3191964	100.0	120	0	0	1	120	1	253	-1	0
d30b3fb9c1dc7d9f0d4bd6ce8e975238	AM410673.1.1473	100.0	120	0	0	1	120	1	253	-1	0
12ed71ced0f4e45c0aa5b37144e6f84b	CP016199.1100379.1101901	100.0	120	0	0	1	120	1	252	-1	0
b1413b635612c7db2c140bc671789ec7	AY752100.1.1425	100.0	120	0	0	1	120	1	253	-1	0
3597a2689efaf5525ce460494a8ac383	BAAU01002038.417.1926	100.0	120	0	0	1	120	1	253	-1	0
3d6f762d8cda1915ad93d014e391c118	CP013934.2334793.2336357	100.0	120	0	0	1	120	1	253	-1	0
87a04eba5a3dc45f9e899d8ab4c050b4	AB547663.1.1481	100.0	120	0	0	1	120	1	253	-1	0
4738a05820f1a7840410c66476953498	AB430828.1.1423	100.0	120	0	0	1	120	1	253	-1	0
7595e123b71bdae8a8c1c28b7405a5c0	GQ110037.1.1367	100.0	120	0	0	1	120	1	252	-1	0
cbc2f795edfaebaf35d10b85062b426d	AGYA01000006.56697.58212	100.0	120	0	0	1	120	1	253	-1	0
6f384c926424d43c215fbe9337d55324	AB033946.1.1395	100.0	120	0	0	1	120	1	253	-1	0
d9095748835ade1b8914c5f57b6acbcf	CP021377.2153561.2155112	100.0	120	0	0	1	120	1	253	-1	0
f4eefbd4edf2a372131825289fffcca6	CP011307.3290988.3292454	100.0	120	0	0	1	120	1	253	-1	0
1ca133f4d30ab344f11e6624e841d9cd	AJ131282.1.1479	100.0	120	0	0	1	120	1	253	-1	0
752621a2dcf600f86357e9c2fa1fc985	EU931404.1.1403	100.0	120	0	0	1	120	1	253	-1	0
faf2bd479f04891ef2afba2f407749ac	AB547692.1.1490	100.0	120	0	0	1	120	1	253	-1	0
9f4cdae8a020a8d9c4f54e5abf5a5769	JF240355.1.1328	100.0	119	0	0	1	120	1	252	-1	0
6ffdeb862aed8aedda8a8624fa960c57	ADGQ01000048.63.1487	100.0	120	0	0	1	120	1	252	-1	0
5ed23cabf504db9af85bce57e9008ea2	EU341292.1.1459	100.0	120	0	0	1	120	1	253	-1	0
8163d49042bbad8871a7aab8527c9a97	AAXA02000006.102304.103822	100.0	120	0	0	1	120	1	253	-1	0
7cd67e7e02db4db794fd67ab72755f8b	DQ395659.1.1366	100.0	120	0	0	1	120	1	253	-1	0
31ed03e41d53de58a6348a242165c05b	AP018689.533033.534555	100.0	120	0	0	1	120	1	253	-1	0
0effb4592c11dcdd619141df770563e1	EU132530.1.1360	100.0	120	0	0	1	120	1	253	-1	0
458462fa1e15c439f12deec2f19af933	HK557274.1.1511	100.0	120	0	0	1	120	1	252	-1	0
8bcc747f27b10bb3e1182fe530c7ed24	AF338413.1.1408	100.0	120	0	0	1	120	1	253	-1	0
2ab2f3551b7aa27fd483fdcbaa1a0afb	AF408324.1.1468	100.0	120	0	0	1	120	1	253	-1	0
1e00822422afb942c9955cd450385a8b	DM464568.4.1392	100.0	120	0	0	1	120	1	253	-1	0
8c5f2b5fce1b357f54ed4c8c047b6845	CP014504.5065363.5066872	100.0	120	0	0	1	120	1	253	-1	0
9548347b69043c274ff7a1ce599a69ef	DQ351729.1.1482	100.0	120	0	0	1	120	1	253	-1	0
33176e81f3e7ef2b9de1b783ff1ca33c	AY684405.1.1439	100.0	120	0	0	1	120	1	254	-1	0
6a9b2745a31a3e5ae16682a323c28a4d	FNPK01000055.3856.5397	98.3	120	2	0	1	120	1	253	-1	0
160029903cd9c779390f4719179aeea2	ACCF01000268.3369.4627	100.0	120	0	0	1	120	1	252	-1	0
0741ae033054073fece98b9948ec4387	ABEZ02000012.1768.3258	100.0	120	0	0	1	120	1	252	-1	0
7fa8f515ee1ac5cb8b529b13e6a89790	CP014618.2016642.2018192	100.0	120	0	0	1	120	1	253	-1	0
c81e310dae79b8767597762a093082c8	CP012541.1199399.1200898	100.0	120	0	0	1	120	1	253	-1	0
a3dc97e11838f1bf157aa875f2f6367d	JQ448119.1.1391	99.2	120	1	0	1	120	1	253	-1	0
f351326f9505ffc18da207391818c48e	FJ671213.1.1317	99.2	120	1	0	1	120	1	253	-1	0
51588a76b68ff3041e8b272256df5ae2	HE681406.1.1511	100.0	120	0	0	1	120	1	252	-1	0
53dd9f9a89854c8ebdcfb105b7a26df1	FPLS01047868.11.1532	100.0	120	0	0	1	120	1	253	-1	0
fbf110ef5de76f86121c8504a0cb786e	DQ796556.1.1382	99.2	120	1	0	1	120	1	253	-1	0
f66effc279917d65747b7c3ef8d62432	GQ159236.1.1468	100.0	120	0	0	1	120	1	253	-1	0
a826883ed572461c97a23561f7ecea3c	HM264555.1.1346	100.0	120	0	0	1	120	1	253	-1	0
5c541619c0a084c6609e071895d9de55	DQ802384.1.1390	100.0	120	0	0	1	120	1	253	-1	0
9b959f65abdb6cb9adc1d6160a5384ec	CP011391.753666.755189	100.0	120	0	0	1	120	1	253	-1	0
c961cc0ecd0ac693e2fb7dcf7794c3e5	JQ469081.1.1385	98.3	120	2	0	1	120	1	253	-1	0
480b52afa972e6deb75357ec39db1998	KJ454140.1.1494	100.0	120	0	0	1	120	1	253	-1	0
e6df6369108817c93a749fa640528e92	JX458415.1.1481	100.0	120	0	0	1	120	1	253	-1	0
e54bcf1c8ec24811e7c355b8d82fa59e	AF253509.1.1489	100.0	120	0	0	1	120	1	253	-1	0
ff8c7f94f941a0c647120d4e142db316	CP017037.863240.864816	100.0	120	0	0	1	120	1	252	-1	0
cee164362eb3296a3d29e33f7b479d2e	GQ088147.1.1339	100.0	120	0	0	1	120	1	253	-1	0
71e9ece7818452114b1e87f8145aefd5	JRAR01000058.52184.53687	100.0	120	0	0	1	120	1	253	-1	0
ae4c61e598c093caa5b66b6919f02ba3	HM256949.1.1303	98.3	120	2	0	1	120	1	253	-1	0
45c36b8b2965484407b8b213419d4c6c	FM872962.1.1480	100.0	120	0	0	1	120	1	252	-1	0
a54095a893fd5abc045d162bbe20644a	AF513089.1.1453	100.0	120	0	0	1	120	1	253	-1	0
e9f0399c43aff643ceb1480929cf89b2	AB015892.1.1421	100.0	120	0	0	1	120	1	253	-1	0
3253177a44672689e4e154e842d63e35	AB681807.1.1456	100.0	120	0	0	1	120	1	253	-1	0
d985172bebaa0bbe61ff5f682d372c6e	AB547701.1.1481	100.0	120	0	0	1	120	1	253	-1	0
63145f49e7efc26729094a53d97c0cd1	JQ940772.1.1446	99.2	120	1	0	1	120	1	253	-1	0
a841dd7e2f38b26bb7bb37179b4141d5	EF402071.1.1478	100.0	120	0	0	1	120	1	253	-1	0
02878fe3ccc81d4c884ca5574178d6a0	AY979566.1.1352	99.2	120	1	0	1	120	1	253	-1	0
678424c0e69dd311d2b536cfd69a91a4	AB680690.1.1446	99.2	120	1	0	1	120	1	252	-1	0
f8fe4ee0ae3da9a1432872f5545a0d42	AP013068.637498.639033	100.0	120	0	0	1	120	1	253	-1	0
421da954b88f7175953a73ea34b933e0	AF412978.1.1452	100.0	120	0	0	1	120	1	254	-1	0
99e6b8fa779ca2689cdc55d164e593e8	CP018809.1516019.1517589	100.0	120	0	0	1	120	1	253	-1	0
4aa8e1c58af1b89f613fe3bf2b81604e	JN713188.1.1521	100.0	120	0	0	1	120	1	253	-1	0
816e266d71b9a9af9d3d74893dee443e	JN559646.1.1500	100.0	120	0	0	1	120	1	252	-1	0
20fb19136419ba2826c941aa152fa0eb	KM978308.1.1527	100.0	120	0	0	1	120	1	254	-1	0
9df911e407318b496425698999a1d81f	AF287791.1.1492	100.0	120	0	0	1	120	1	252	-1	0
35b6dde81c92eb7f66ca9f741da3514e	AB733397.1.1460	100.0	120	0	0	1	120	1	253	-1	0
b815913c61abb4a540babe5c3fae17e7	CP015405.210899.212440	100.0	120	0	0	1	120	1	253	-1	0
251eb140eb9387372897c5f7db6f954c	FM873692.1.1495	100.0	120	0	0	1	120	1	253	-1	0
c66348656c079cbbc916b2c2832f311b	ATUF01000003.333792.335311	100.0	120	0	0	1	120	1	253	-1	0
2b6445815ec98d21dbe9640083f30d2f	AM697214.1.1482	100.0	120	0	0	1	120	1	252	-1	0
1e1e0cca52fab68a8c7ba5256aeadd6d	DQ806519.1.1402	100.0	120	0	0	1	120	1	253	-1	0
4ea8ed64f727e17c2ecf3616119876eb	CP003169.4695955.4697353	100.0	120	0	0	1	120	1	253	-1	0
1395953fab837ed426f9b2ba24da41b1	FJ976000.1.1361	100.0	120	0	0	1	120	1	252	-1	0
15992a34ae0f42d6b5a21eeaaef674ba	JX222315.1.1252	98.3	120	2	0	1	120	1	253	-1	0
94ca1389331a3a9230237844cfd545f6	CP023134.319839.321351	100.0	120	0	0	1	120	1	251	-1	0
b46e36edac9cab660cec7ee6f1a335a3	DQ800049.1.1395	100.0	120	0	0	1	120	1	253	-1	0
2ce0fa88ec7cfdda2eeb0698cdad47e8	AY685919.1.1528	100.0	120	0	0	1	120	1	253	-1	0
82e72255267397b777a1afd44ea22755	AB496407.1.1474	100.0	120	0	0	1	120	1	253	-1	0
9d17e47f8102cca1e9a0a5b0776bb85a	JQ468030.1.1401	100.0	120	0	0	1	120	1	253	-1	0
025dd300b0ccbd9d5898969c2a1ab138	AM420222.1.1491	99.2	120	1	0	1	120	1	252	-1	0
4851a0c86e3c1b3f3c67e88d8a38960a	DQ851143.1.1540	97.5	120	3	0	1	120	1	253	-1	0
831514b8b3617bed49e2a4bd9d3d6268	EU681990.1.1392	100.0	120	0	0	1	120	1	253	-1	0
9cd30ed12a411f643a9f6c145e3b59d8	KP122961.1.1482	100.0	120	0	0	1	120	1	253	-1	0
959a178855242ad3833af85d38ccff45	AB682367.1.1412	100.0	120	0	0	1	120	1	253	-1	0
5b220f66423e4004eb3520bfae1f25d0	HM315646.1.1327	100.0	120	0	0	1	120	1	252	-1	0
a6e9c3caf38d8be5744751bea41aa62f	JF116058.1.1344	99.2	120	1	0	1	120	1	253	-1	0
3f61c9eee7bfb0326d3efb8da077b0da	FPJH01000007.213596.215111	100.0	120	0	0	1	120	1	253	-1	0
9c6b4f83513e63a49ce33a8aeb1813ad	CDYX01009064.346.1860	100.0	120	0	0	1	120	1	253	-1	0
f95cdb71258ef6cc222c673ea4546caf	FJ678929.1.1396	99.2	120	1	0	1	120	1	253	-1	0
7e4d5b19d3213719048fe55dfad0da3a	DQ802223.1.1398	100.0	120	0	0	1	120	1	253	-1	0
f8753b9f13abb306b57aedce2cf6e7d0	AB682228.1.1442	100.0	120	0	0	1	120	1	253	-1	0
0310f41e594c49368dde5c5993a7a5d0	CP022058.67332.68852	100.0	120	0	0	1	120	1	253	-1	0
ae25381e186978a7230f03484baede7c	DQ672568.1.1355	100.0	120	0	0	1	120	1	253	-1	0
de35e106a779f81d63e2e058bf18799c	GU400522.1.1329	99.2	120	1	0	1	120	1	254	-1	0
c7312d5390945aa1e45badeeba28a998	LN832562.734385.735835	100.0	120	0	0	1	120	1	253	-1	0
81fad06bda8cf753d87288f1d080da88	GQ047360.1.1358	100.0	120	0	0	1	120	1	252	-1	0
9930e78f4486e70ced513d619dae53fb	CP022022.755665.757184	100.0	120	0	0	1	120	1	253	-1	0
9584fe0b6843a9817e1c217bb65caea8	AY958858.1.1540	100.0	120	0	0	1	120	1	253	-1	0
8b300bb35321f8c125cdc4c3a242bbc0	EU979041.1.1497	100.0	120	0	0	1	120	1	253	-1	0
54fa6da8dff69b9fec4b470312d21eb9	CP012750.1299507.1301040	100.0	120	0	0	1	120	1	253	-1	0
457c3dbae079470f3cf0bf146c191e1f	JN409102.1.1443	100.0	120	0	0	1	120	1	252	-1	0
5e793ed595a0793ab477b17e78421bc5	CP021455.4242725.4244265	100.0	120	0	0	1	120	1	253	-1	0
8fbf42d21b6c9c4a4e8e260ad1d6a1ab	FJ592630.1.1395	100.0	120	0	0	1	120	1	253	-1	0
8c001c89f020a1b78b26ee21d1d56746	HM262845.1.1341	100.0	120	0	0	1	120	1	254	-1	0
0f006e3e638afedde4892706134a4fb9	AB008393.1.1252	100.0	120	0	0	1	120	1	253	-1	0
1efd43e712291698f34853dac3b67f54	HM212668.1.1457	100.0	120	0	0	1	120	1	253	-1	0
a5e8aaab366d42b670d589ada160581c	EF092244.1.1452	64.0	125	38	2	1	120	1	253	-1	0
1ea96d595539133266a3dbd49daac1e4	DQ986463.1.1394	100.0	120	0	0	1	120	1	252	-1	0
2328e11c4256f1f05395b7a377381279	KM462133.1.1519	100.0	120	0	0	1	120	1	252	-1	0
b2d056fa113334bd2797397b162c6ac9	DQ794179.1.1290	100.0	120	0	0	1	120	1	253	-1	0
e03d5567ab978eb82490f359c51912b1	FPLH01000015.568713.570215	100.0	120	0	0	1	120	1	252	-1	0
55f85b9f95aa14453f466b2ee388737b	GU731671.1.1460	100.0	120	0	0	1	120	1	253	-1	0
9b07cccc73bd232ffb6edb9427194c06	AMCI01001173.35.1542	100.0	120	0	0	1	120	1	252	-1	0
99f9d85c50cec960adab2a3f0f401371	HE681265.1.1519	99.2	120	1	0	1	120	1	253	-1	0
7456c5136c45202afcf8000e2a8a01c5	AB548033.1.1451	100.0	120	0	0	1	120	1	253	-1	0
76e8305b47ef8b35c452b5490589fc95	HM299952.1.1348	100.0	120	0	0	1	120	1	252	-1	0
e6953e3ef3e20c6b169ef7a759d868df	DQ441329.1.1295	99.2	120	1	0	1	120	1	253	-1	0
538c01338d48c71522ac629b17a01c9d	AB773244.1.1413	100.0	120	0	0	1	120	1	253	-1	0
328cf8ca7cded30705336cf036a2df45	AHAE01000085.45441.46976	100.0	120	0	0	1	120	1	253	-1	0
2b427cf77172293239bc1c1cdb32ace4	KC554306.1.1541	100.0	120	0	0	1	120	1	253	-1	0
73291cac0e802b6a1fb25ae7079390ef	DQ777922.1.1490	100.0	120	0	0	1	120	1	253	-1	0
2f09559bc1ffcc3ea06ae2766194920b	JQ627566.1.1317	100.0	120	0	0	1	120	1	253	-1	0
37d242005eb3c4239ad2c00158ea99a1	AB558169.1.1473	100.0	120	0	0	1	120	1	253	-1	0
5a61388e52a8005b6747280b9332d2de	JX490020.1.1488	99.2	120	1	0	1	120	1	253	-1	0
72cbf125e17c4e14d748543564d3d4ec	LS483436.1747061.1748604	100.0	120	0	0	1	120	1	252	-1	0
b3406cb10b6d6882837eaacbaec3553e	AM774638.27.1418	100.0	120	0	0	1	120	1	254	-1	0
b65f8931698507015de2e1c5f0961cd3	AP007232.100195.101685	100.0	120	0	0	1	120	1	253	-1	0
7b9b46a7c3fb8b76b1c68911a9b56da1	JF147287.1.1352	96.7	120	4	0	1	120	1	253	-1	0
0a50155a2def454344e1f2305eff7092	AB547698.1.1496	100.0	120	0	0	1	120	1	253	-1	0
5ec803f68f3c48cd9ce6436ccbd5b1e3	CP000927.4027578.4029056	100.0	120	0	0	1	120	1	253	-1	0
2835a5008083ae7290acbca001520ad1	DQ395659.1.1366	99.2	120	1	0	1	120	1	253	-1	0
bf6066f701b31c6bba541503797da013	FJ715928.1.1401	100.0	120	0	0	1	120	1	252	-1	0
1a2d9f4af510ce624fa0337c3ea9fedc	AB547673.1.1490	100.0	120	0	0	1	120	1	253	-1	0
81026563293d6ed29eec4d7f73eab34d	*	0.0	0	0	0	0	0	0	0	-1	0
ca1b627f011b52798bfb8fd2c6b76d20	AUAT01000051.79.1494	100.0	120	0	0	1	120	1	253	-1	0
f9c63350a2cdcada4a0be946f4e0025a	EF404703.1.1494	100.0	120	0	0	1	120	1	253	-1	0
b59d5976acdb148c29f724d6b7990410	JN713539.1.1458	100.0	120	0	0	1	120	1	253	-1	0
6967d97d0d19d82633e2d05305850f80	HQ797421.1.1448	100.0	120	0	0	1	120	1	253	-1	0
e9849de9c0f7be74e13c457f05177aad	AB630438.1.1404	100.0	120	0	0	1	120	1	253	-1	0
01173073677a287321be3484fbed0007	GBJZ01053705.503.2425	97.5	120	3	0	1	120	1	258	-1	0
bae6b03d63955f134b6e523285263226	FR749711.1.1482	100.0	120	0	0	1	120	1	253	-1	0
e6dfd15b38618c3c7ff0a025083f56d4	AF531766.1.1476	100.0	120	0	0	1	120	1	253	-1	0
8c12a12aedcd680ab7e259bfd627ff9a	AB745426.1.1505	100.0	120	0	0	1	120	1	253	-1	0
14f2e2d783b09c74ccd36ed32cbeaddd	AB597526.1.1543	100.0	120	0	0	1	120	1	253	-1	0
2a010fd0ac0d1761c2e64c9cd3fd97c4	AB547690.1.1405	100.0	120	0	0	1	120	1	253	-1	0
ea646f13713c1f3393a8b66afa03ff4a	JQ466576.1.1367	100.0	120	0	0	1	120	1	253	-1	0
33e2cadd9d0b2b4ebeb6261766032e4a	AF287780.1.1494	100.0	120	0	0	1	120	1	253	-1	0
5454ea14c70f0323a5e836aba10947b8	FPLS01019565.1.1363	95.8	120	5	0	1	120	1	253	-1	0
b8413d82d36f772b9a375231cb504579	AB538433.1.1488	100.0	120	0	0	1	120	1	252	-1	0
4cecaa1cfabe89a905940ae23dd94a64	CP002735.662885.664405	100.0	120	0	0	1	120	1	253	-1	0
7a9e7bd6bd3444b67f37c95db2960d50	CCMO02000002.328815.330284	100.0	120	0	0	1	120	1	253	-1	0
9abbfb135a6fceeb2ae107b7be7cb133	FAVH01000003.432564.434070	100.0	120	0	0	1	120	1	252	-1	0
217845ff2f7195cbc781eba1f7e7eaa1	AJ292598.1.1452	100.0	120	0	0	1	120	1	253	-1	0
e7e23553bcb3b809fe953ff90c99da54	AB010909.1.1478	100.0	120	0	0	1	120	1	253	-1	0
903752a32299a5fac9505d192dc16466	FJ876273.1.2633	100.0	120	0	0	1	120	1	253	-1	0
f1d63da515a0c96eb9f7af5de75655bb	CDZT01028615.319923.321431	100.0	120	0	0	1	120	1	253	-1	0
9c773cfe6cd90b39267153cd9eac020e	FM209358.1.1426	100.0	120	0	0	1	120	1	253	-1	0
5202077471c942e678df50a8e4c706d6	CAGY01000009.11.1531	99.2	120	1	0	1	120	1	253	-1	0
04fd81a94c775a5906f2d92cf0548e4d	FJ557719.1.1386	100.0	120	0	0	1	120	1	253	-1	0
167baae5fe04a754df7eb073c07adaa7	AB506256.1.1522	100.0	120	0	0	1	120	1	253	-1	0
6b350f9f82a39450e0894fe9138ad267	EU763288.1.1333	100.0	120	0	0	1	120	1	253	-1	0
e1e1ece9cc43057ec074912f7545a432	FM873903.1.1478	100.0	120	0	0	1	120	1	252	-1	0
43e4b46e2ba2455e3974874722cbd75a	JF111125.1.1367	100.0	120	0	0	1	120	1	253	-1	0
76d0a9cc7116aeaa8d26bc09e768cbc4	KJ453911.1.1501	100.0	120	0	0	1	120	1	253	-1	0
f7a8c8f87af98f9c5f479beaadc0b892	EU290153.1.1412	100.0	120	0	0	1	120	1	253	-1	0
d8adf2a20249cefe6c627f9c17abb202	EU861966.1.1486	100.0	120	0	0	1	120	1	253	-1	0
dd9d9aad1de9345686f5cc614c5616db	DQ807008.1.1393	100.0	120	0	0	1	120	1	253	-1	0
21c3086fa768008b7bee62d5d13b5366	JN713342.1.1495	100.0	120	0	0	1	120	1	253	-1	0
63e29d89c820b4baafc3f5622946d6ee	AB200217.1.1490	100.0	120	0	0	1	120	1	253	-1	0
0524cb6dcc8f60dafc09c46911c9d0ac	JN392918.1.1507	100.0	120	0	0	1	120	1	253	-1	0
c9ffd432429a7600931358e3a09860f5	FM209314.1.1485	98.3	120	2	0	1	120	1	253	-1	0
0316af109bb877b5c7a85ddecd6dfd1e	JN713531.1.1477	100.0	120	0	0	1	120	1	253	-1	0
b18b389447d758e7cb173b4b4f2ad960	AB509378.1.1414	100.0	120	0	0	1	120	1	253	-1	0
8935afd2b1d59a37191411131d75e9f6	AY349374.1.1536	100.0	120	0	0	1	120	1	253	-1	0
648532aadbacef2c7f8f8468a6146fb2	CP017038.556177.557715	100.0	120	0	0	1	120	1	253	-1	0
f306a3c555687b1dc2c61372504fbbea	CP014145.2824494.2826025	100.0	120	0	0	1	120	1	253	-1	0
bb823ca6d961133b2cd91e9377cefba7	CP012071.2206063.2207614	100.0	120	0	0	1	120	1	252	-1	0
5cf1581a0381cd73e278302acd8751b1	CP017714.888196.889675	100.0	120	0	0	1	120	1	253	-1	0
124e839582c0a3329101182cb28619a8	AF371559.1.1472	100.0	120	0	0	1	120	1	253	-1	0
6bd57e46e038faafe4bb747e1d494df7	AB490804.1.1482	100.0	120	0	0	1	120	1	253	-1	0
51b573b10d63a2cbe455deeef5bae002	EU472042.1.1401	100.0	120	0	0	1	120	1	253	-1	0
2c9e19a0423a00f8c17d8086a8ab39a5	AF537212.1.1453	100.0	120	0	0	1	120	1	253	-1	0
3e7f7d8ab3a5fb0e3401a0fda19d8bcb	APQA01000029.47815.49339	100.0	120	0	0	1	120	1	253	-1	0
ef4cafaa5121e47ff7f31d5553a66214	CP028106.930783.932303	100.0	120	0	0	1	120	1	252	-1	0
e581d288eadb8d4527694b6fe7aa5df4	AY278626.1.1462	100.0	120	0	0	1	120	1	252	-1	0
65fbdc4707be0814fa4faf52571cc2b5	AB588021.1.1473	100.0	120	0	0	1	120	1	253	-1	0
171930820a0db82224a948125002bf46	AB558162.1.1427	100.0	120	0	0	1	120	1	252	-1	0
8406abe6d9a72018bf32d189d1340472	AB810249.1.1428	100.0	120	0	0	1	120	1	253	-1	0
f78c2a4fb584f61fc0fbd75c2cc22a99	AB240335.1.1493	100.0	120	0	0	1	120	1	253	-1	0
5e76bbf2de9c36c591f8aab3784ffd1b	EF111195.1.1287	100.0	120	0	0	1	120	1	253	-1	0
a9e0ac523112f40942da575caf1f386e	HQ645143.1.911	100.0	120	0	0	1	120	1	253	-1	0
58c63b4710a70a640cb86afa4d851178	KY348846.23674.25160	78.7	122	24	1	1	120	1	244	-1	0
5cb28bd0b2eea6847a6328712217c141	Y07849.1.1322	100.0	120	0	0	1	120	1	253	-1	0
50feebeace77894a50a224bf001c3502	ACZL01000055.405.1921	100.0	120	0	0	1	120	1	253	-1	0
029cc71dc93341de90188b686798aa0d	AB696098.1.1435	100.0	120	0	0	1	120	1	253	-1	0
9d68bd5a8479880505cf88ab4695b5c5	AB637009.1.1470	100.0	120	0	0	1	120	1	253	-1	0
5c4ad81078908a3b228188a847d12f9e	FPLM01007710.15.1456	100.0	120	0	0	1	120	1	253	-1	0
dbd1f3c3e0f401f60d44103595acdb69	AM232808.1.1417	100.0	120	0	0	1	120	1	253	-1	0
6fea6a26dbc4de9558be63f26f07f7fa	CP000750.2411132.2412643	100.0	120	0	0	1	120	1	253	-1	0
b89da5ee2f75672a2656789aea91071d	GQ014216.1.1367	100.0	120	0	0	1	120	1	253	-1	0
58946a0b64aa351fd8e7b97d02d6639d	CAGY01000009.11.1531	100.0	120	0	0	1	120	1	253	-1	0
48a6cea7eaf29dcb52dc2985933f4249	DQ794886.1.1390	100.0	120	0	0	1	120	1	253	-1	0
4e34087bb8399deb145896c92e1b58a5	DQ905725.1.1572	100.0	120	0	0	1	120	1	253	-1	0
6b4a0a64da52980e7a1b1a770978bb88	DQ796632.1.1389	100.0	120	0	0	1	120	1	253	-1	0
c23ddff0e5a041733d633d7bfb93e0cc	GQ097378.1.1342	98.3	120	2	0	1	120	1	253	-1	0
64222ae4c3f0f1cc06375a3814da355d	CDZT01029038.3197.4705	100.0	120	0	0	1	120	1	253	-1	0
3d3566af17e7e52ae5413956d004e657	AGZE01000001.1.1322	100.0	120	0	0	1	120	1	253	-1	0
ab402c6b9fa511b0aa2f968cddc364eb	KC554636.1.1514	100.0	120	0	0	1	120	1	253	-1	0
d45006a487d94665893aa9e759be4c97	CP001620.1003200.1004700	100.0	120	0	0	1	120	1	254	-1	0
5546d0fe4a512f96a6d73509a1ec6e55	HQ441583.1.1521	100.0	120	0	0	1	120	1	252	-1	0
40f13b077d41d6837ca6fae65763cf01	CP014232.214874.216436	100.0	120	0	0	1	120	1	253	-1	0
26f1b1ff96f049f0e354df4c3d85efb0	GU227217.1.1457	100.0	120	0	0	1	120	1	253	-1	0
6fda1de9604a1be1b99a41028226f4a7	EU580525.1.1255	100.0	120	0	0	1	120	1	253	-1	0
25087bd679769914988fc1e7c6d045ff	CP000425.2326027.2327574	99.2	120	1	0	1	120	1	252	-1	0
0bf5530da55bc16c52034db82e5434af	JN792400.1.1403	95.8	120	5	0	1	120	1	253	-1	0
9815d07f1b564c9be5aab03db01608da	HM278741.1.1348	100.0	120	0	0	1	120	1	253	-1	0
f9686d94e355b66c5324677db52b3aa4	AF497809.1.1453	100.0	120	0	0	1	120	1	253	-1	0
d37b36cd780fdec9627c298370571ed5	LT629792.1417690.1419244	100.0	120	0	0	1	120	1	253	-1	0
cdf8a49dcdb0256a8ead65f65c752e40	AB558171.1.1473	100.0	120	0	0	1	120	1	253	-1	0
5beb76b0d6631d10fc820c2d128d4cb6	AM183038.1.1437	100.0	120	0	0	1	120	1	253	-1	0
e83fa923d1e185d9c9de13ca3b37c8f2	FJ593908.1.1411	100.0	120	0	0	1	120	1	253	-1	0
952fabf17975467e69af4ebb5efb0fb6	JF149331.1.1357	99.2	120	1	0	1	120	1	253	-1	0
f6bb195f075d463c5e9b620a6a76dbfd	CP029551.2062998.2064496	100.0	120	0	0	1	120	1	253	-1	0
3b91757d40499fecfd75d1ad215fdd2e	FR749761.1.1478	99.2	120	1	0	1	120	1	253	-1	0
d1dbb266dc8841470f3c42fe8f465507	KM462129.1.1502	100.0	120	0	0	1	120	1	253	-1	0
a1759b9ca6b3363edacc599498d62b56	FJ535546.1.1450	100.0	120	0	0	1	120	1	253	-1	0
0b0a240a7ae19f3560d04427d753b603	HE681263.1.1518	100.0	120	0	0	1	120	1	252	-1	0
e0a941a7b62e87ae6301bce7185e5f4a	CP012117.1747814.1749319	100.0	120	0	0	1	120	1	253	-1	0
e9d3af4175420ffab49c29d1a6bb2030	*	0.0	0	0	0	0	0	0	0	-1	0
d4c5acaf755ef50d18008aa6c79f60b0	ATFF01000006.1064711.1066244	100.0	120	0	0	1	120	1	253	-1	0
8be3d398e9e6b768ed1aa713f2981204	MG593776.66280.67756	75.0	120	27	2	1	120	1	227	-1	0
96802b28a3942cb6b7b40f4b9bfc0d99	JQ978922.1.1447	100.0	120	0	0	1	120	1	253	-1	0
eb19aca9a5979db01ba9947baa292633	JF106760.1.1345	100.0	120	0	0	1	120	1	252	-1	0
a0daabc3e11deb9b43aafbf3c8e31e35	AY289362.1.1419	100.0	120	0	0	1	120	1	253	-1	0
ba3ff6e27b67596844f11db93e44c496	HM276114.1.1357	100.0	120	0	0	1	120	1	253	-1	0
0335b1664150f1e151340b1450eae898	KP455711.1.1492	100.0	120	0	0	1	120	1	253	-1	0
42f7a4caf54667a21b5de3b888213935	AB490811.1.1610	100.0	120	0	0	1	120	1	252	-1	0
03178a409a41853ea09a94055e138e19	JF154938.1.1348	100.0	120	0	0	1	120	1	255	-1	0
a80183c045cf890899121db3bbcbd39d	CDZQ01011051.3428.4930	100.0	120	0	0	1	120	1	252	-1	0
af12fc27ee17864717830cafd06453cd	ACDP02000005.388.1906	100.0	120	0	0	1	120	1	253	-1	0
6bf95d9914dc404e98ebff522496533d	FNLI01000001.906.2398	100.0	120	0	0	1	120	1	252	-1	0
1076b2b7de5233cc917c9425aa2ea200	CDYK01044561.2303.3789	100.0	120	0	0	1	120	1	252	-1	0
d8469ca44fd367ae2aab986a57833586	EF099989.1.1413	93.3	120	7	1	1	120	1	252	-1	0
4042bf819b2707dcb567a04950667ec7	JN713270.1.1522	100.0	120	0	0	1	120	1	253	-1	0
95b94ac4c1c3e18210f501268e56e50e	CAJD01000026.295.1802	100.0	120	0	0	1	120	1	253	-1	0
14732e0b78dbc03c20c505d7681b6820	HM254641.1.1350	100.0	120	0	0	1	120	1	252	-1	0
d002269a53cf1579adca5f0dadd4f332	JQ977287.1.1418	100.0	120	0	0	1	120	1	253	-1	0
464ff59b632870b5028ed3092b9443ff	DQ795356.1.1397	99.2	120	1	0	1	120	1	253	-1	0
80b9cf8b7fde7d45e0bc84a9cf9ddd56	JN036545.1.1507	99.2	120	1	0	1	120	1	253	-1	0
5656d8b980bfee07e29e8fc119850901	JN713212.1.1559	100.0	120	0	0	1	120	1	253	-1	0
a3ebb6445ca32f39df9f84fe48525773	JF189185.1.1334	99.2	120	1	0	1	120	1	253	-1	0
15c03c51375c7d03bd3dda24674b9936	FJ517720.1.1468	100.0	120	0	0	1	120	1	254	-1	0
47fb251b4679084fee2dafef11c6bc4f	GU410546.1.1412	100.0	120	0	0	1	120	1	253	-1	0
47e6d3cd169787ff35f9a2278b8d4a2f	AB245353.1.1449	100.0	120	0	0	1	120	1	253	-1	0
b9e3d6fcb82de619e9e574be03ecaa41	U29214.1.1374	97.5	120	3	0	1	120	1	221	-1	0
93982d4e0f9eb9a6179d6abd57560c26	JX910419.41398.43060	100.0	120	0	0	1	120	1	223	-1	0
9dd67b89e90b1517d6fc340bb1745e15	AWSB01000075.3485.5011	100.0	120	0	0	1	120	1	253	-1	0
e3f051168532c89bf76e329c715c35f5	AB374136.1.1447	100.0	120	0	0	1	120	1	253	-1	0
75a61e0ca465f169e5d2ea2d19f8aefb	AENV01000005.76285.77780	100.0	120	0	0	1	120	1	252	-1	0
76d2032108822bcfaa90a4873f7a51aa	CP007567.4115731.4117262	100.0	120	0	0	1	120	1	252	-1	0
b61a4c5ec96e7276004c81cc845e2fec	GM884481.1.1509	100.0	120	0	0	1	120	1	252	-1	0
90b16eca6a6edc00f49dfb5f72be8b61	EU526291.1.1420	100.0	120	0	0	1	120	1	252	-1	0
47be834b0f9232d552e00a36fb3c626b	CP013119.2066482.2068029	100.0	120	0	0	1	120	1	253	-1	0
2d832109f6396e0f93297efd12e1321e	JX133623.1.1506	99.2	120	1	0	1	120	1	253	-1	0
47fe572ed6a6b1d5f4a60a3884ec72e1	AB745450.1.1523	100.0	120	0	0	1	120	1	252	-1	0
7d893311a14a858907d4c8ca21d32dc4	EU458448.1.1324	100.0	120	0	0	1	120	1	253	-1	0
69e4868406c82bdfd67d2b449ca9f1d8	FM996555.1.1478	100.0	120	0	0	1	120	1	253	-1	0
77f79d776f3845bc2901cf9c4229de0b	HQ121013.1.1467	100.0	120	0	0	1	120	1	252	-1	0
e7709791d7ef6b47747de9fb43880d14	DQ800164.1.1390	99.2	120	1	0	1	120	1	253	-1	0
f908d554fc6eeb9fef7a7028fa791475	AY850453.1.1227	100.0	120	0	0	1	120	1	253	-1	0
e3d37109be4a17d8437f6fcb6072982d	DQ353923.1.1478	96.7	120	4	0	1	120	1	252	-1	0
09fc3d8a98c2ca72c69b63a51b5b564e	JTDA01000039.175.1712	100.0	120	0	0	1	120	1	253	-1	0
9f816758294dec368624eabd3595ec6f	EF436297.1.1491	99.2	120	1	0	1	120	1	253	-1	0
2a71af2786dfb7aeb7ac7d5372c41686	AF385565.1.1484	99.2	120	1	0	1	120	1	253	-1	0
3a31937521e389cbdf89ca01039e5ec3	DQ905133.1.1451	100.0	120	0	0	1	120	1	254	-1	0
1d7e45fd568a577b5a6a8b4a20743211	MG593776.66280.67756	88.3	120	12	2	1	120	1	227	-1	0
59758d94cc7ed9a16526bfc9eb207575	DQ804901.1.1387	100.0	120	0	0	1	120	1	252	-1	0
190dfe815683ee977e120d35b3c83b7e	JN713228.1.1519	100.0	120	0	0	1	120	1	252	-1	0
df98cba64f84c4e8b7f7ea8396f4f3f9	CP032823.102401.103906	100.0	120	0	0	1	120	1	253	-1	0
498128a80a796620b238d8ad5cd1d2f9	AJ811605.1.1524	100.0	120	0	0	1	120	1	253	-1	0
e2f6c7b758ac2c0476a7e31787dbba84	GM884476.1.1509	100.0	120	0	0	1	120	1	252	-1	0
dd530a50ee0277096b0cbd210cdb80b2	JQ452059.1.1375	100.0	120	0	0	1	120	1	253	-1	0
033511c7ff4fe93866075cfb9129aa3b	CP012850.2060568.2062031	100.0	120	0	0	1	120	1	253	-1	0
88191bcb077f725a8c8e37d74e110baa	HM127950.1.1460	100.0	120	0	0	1	120	1	254	-1	0
3b0e180ea70b1a946a6214eacb539c97	AB272373.1.1283	100.0	120	0	0	1	120	1	253	-1	0
84e6f7df01548135d92febfeae9a1ea6	AJ289178.1.1424	100.0	120	0	0	1	120	1	253	-1	0
216d5bb567182b6210e2c3dbc455f2b6	HW066356.1.1487	100.0	120	0	0	1	120	1	252	-1	0
111311cc108c483f3782c9214681ed19	AEUX02000007.128493.129999	100.0	120	0	0	1	120	1	252	-1	0
a9541756b547061c02922f1a3a913fce	AB566416.1.1476	100.0	120	0	0	1	120	1	253	-1	0
059408ca99f1001f64e6df1e06fb951d	EU471360.1.1386	99.2	120	1	0	1	120	1	253	-1	0
427e48835f176c1a367a14b39b882c58	GQ010489.1.1358	100.0	120	0	0	1	120	1	253	-1	0
8cfda573467e6a959664801713cadba1	EU466083.1.1385	100.0	120	0	0	1	120	1	253	-1	0
10ae3ca534ce9bb9f80822b4b4a6375c	AB695740.1.1411	100.0	120	0	0	1	120	1	253	-1	0
73bca1b91fb8a80ee698f1833c073664	HQ681741.1.1450	100.0	120	0	0	1	120	1	253	-1	0
fc8f87209db793f740eea731e64f0b2a	EU132796.1.1302	100.0	120	0	0	1	120	1	253	-1	0
e1b32002ee69c4e3210a2a257511f96a	LS483447.2004515.2006033	100.0	120	0	0	1	120	1	253	-1	0
9f6a3b261bc6acafa3d4a6d2de87f924	DQ178977.1.1500	100.0	120	0	0	1	120	1	253	-1	0
b387961d274808e3ffed8c1594f4cd1c	GQ002733.1.1347	100.0	120	0	0	1	120	1	254	-1	0
30d793622ebd90e7687dd3827701d46e	ACKS01000100.344.1864	100.0	120	0	0	1	120	1	253	-1	0
6e342714744bf1b213ac0767d6c3998d	AB374378.1.1507	100.0	120	0	0	1	120	1	253	-1	0
14374c3f2fe75bb158b439ebe4a4ee87	KC683035.1.1496	100.0	120	0	0	1	120	1	254	-1	0
99acae6a2b24652d92a1ee4cbf8faca5	MH620790.142231.144786	83.3	120	19	1	1	120	1	223	-1	0
d0dee8a51da30ed74bcadcd7d8e43537	JN792400.1.1403	93.3	120	8	0	1	120	1	253	-1	0
dbae1b46b67ad6769ea63d33ed3d44bf	CP013476.1296696.1298220	100.0	120	0	0	1	120	1	253	-1	0
bc15061b61cf6b5002c58284591f97d4	DQ808894.1.1284	100.0	120	0	0	1	120	1	252	-1	0
fe72a66c85df0ab333e3a37d0332df67	GU304516.1.1507	94.2	120	7	0	1	120	1	253	-1	0
32a4d183139d99ace97a18b276d7c169	KF780874.1.1529	100.0	120	0	0	1	120	1	252	-1	0
8bcec52021ee6467bf008848d55b7a9f	DQ787718.1.1532	99.2	120	1	0	1	120	1	253	-1	0
524f22cecc9957e9bf629b5fb0047adc	AB696244.1.1452	100.0	120	0	0	1	120	1	253	-1	0
8dc69d65ac9e71a130bc6dbeb71d2f03	KJ434027.172458.175055	99.2	120	1	0	1	120	1	223	-1	0
2fe6a7331192dc6bf073d906fba93929	CP027226.1150629.1152167	99.2	120	1	0	1	120	1	253	-1	0
8f146ce7c43f38ad3673dabe93c7c5bb	CP002689.744996.746512	100.0	120	0	0	1	120	1	253	-1	0
be5ed9c02284fa6aa31037f0e2d93470	FPLL01001173.17.1485	100.0	120	0	0	1	120	1	253	-1	0
26583b57be9de00bee14d30f2dc986d8	HM247369.1.1289	100.0	120	0	0	1	120	1	253	-1	0
f59aa47df669ef50955ce1a0512d3abf	FJ773364.1.1385	100.0	120	0	0	1	120	1	253	-1	0
c89812744d8755bef87bedf499bd19cf	MG593776.66280.67756	81.7	120	20	2	1	120	1	227	-1	0
254482075b19ff911db5e5cb26817498	U96412.1.1468	99.2	120	1	0	1	120	1	253	-1	0
21b849f15da11a7cc5122773552e0fef	FPLL01001877.15.1485	100.0	120	0	0	1	120	1	253	-1	0
d30a7f0a26bd40402be57831cfa4da69	CP014230.1522463.1524018	100.0	120	0	0	1	120	1	253	-1	0
5af6e343611d715985e35e7a3e5671cb	ACON01000003.402.1902	100.0	120	0	0	1	120	1	252	-1	0
a3a69f621716f9345def32e2b5e7b011	ACIP02000001.771359.772881	100.0	120	0	0	1	120	1	253	-1	0
85943cff5ec22653bc51c22adeabe685	KT952839.1.1490	69.2	120	37	0	1	120	1	252	-1	0
317c0beca40f29f3aff863b8f028fd48	EU931446.1.1413	100.0	120	0	0	1	120	1	252	-1	0
2c47de0940a8213b1ba751a7cd0b649b	EF097211.1.1400	99.2	120	1	0	1	120	1	253	-1	0
f8fee8796e3188a996dfeca9e93f47e1	JN379059.1.1479	100.0	120	0	0	1	120	1	252	-1	0
14b20f972cfa94f77bc33eccc5ffca4c	EF018557.1.1409	100.0	120	0	0	1	120	1	253	-1	0
9cd758ad7582755a7f52f2b003787795	AY578097.1.1562	100.0	120	0	0	1	120	1	253	-1	0
35bfc371d940cffdc527b7b4dc954456	KC670057.1.1782	100.0	120	0	0	1	120	1	408	-1	0
81e706ae981fcbfceea2ac547fdd7f26	AF287762.1.1511	100.0	120	0	0	1	120	1	252	-1	0
c88977d348c943b60eea8f1571e9a7ee	ABYP01000081.319.1831	100.0	120	0	0	1	120	1	254	-1	0
4a146c717d33b2f2719e648bd7d22059	AJ616280.1.1233	99.2	120	1	0	1	120	1	253	-1	0
5d4a0085030ee808369a8f29be41e0d2	JF815503.1.1437	100.0	120	0	0	1	120	1	253	-1	0
514a4ebb290842347e3f7ac7cbba276e	MG593776.66280.67756	90.0	120	11	1	1	120	1	227	-1	0
a95851baf426c85eae4419617db902a7	AB032655.1.1782	100.0	120	0	0	1	120	1	418	-1	0
541947958ad35c1591eb3ef433141196	JF116525.1.1350	100.0	120	0	0	1	120	1	253	-1	0
cfce45c3a7af608093fd99677d635891	JQ801223.1.1522	99.2	120	1	0	1	120	1	253	-1	0
ef571c059fe495366b01e977f7494fbc	JF231813.1.1371	99.2	120	1	0	1	120	1	254	-1	0
34f493c9b3b75210406fecac2dba0f22	DQ805910.1.1388	100.0	120	0	0	1	120	1	253	-1	0
c73d4cf2ab0b699fb47d44488b82fd40	FPLS01049408.21.1569	100.0	120	0	0	1	120	1	253	-1	0
f79e815e1e628908e4ab605022b0ac09	EF419369.1.1421	100.0	120	0	0	1	120	1	252	-1	0
23b560e97aacfd0422ed3f8a1104e7d7	AGDS01000017.3390.4922	100.0	120	0	0	1	120	1	253	-1	0
ca08eabd09756731f095632656d45b01	EU570889.1.1536	67.8	121	35	2	1	120	1	253	-1	0
eed50a4877de2fd21b146b4f0c7327ac	JF124721.1.1321	100.0	120	0	0	1	120	1	253	-1	0
6d7d9658988c6e2b5e45ea087f1b9155	EF419356.1.1423	100.0	120	0	0	1	120	1	252	-1	0
502b6544978890cda2ece2d14bfdba01	FJ366310.1.1374	98.3	120	2	0	1	120	1	253	-1	0
694caec8dad781d338acf4a5b69c3058	EU504762.1.1397	100.0	120	0	0	1	120	1	252	-1	0
6488fe0aaa024ba9c06647578b5a6caf	FPLM01004671.10.1499	100.0	120	0	0	1	120	1	253	-1	0
5ce3a51e54f30fa53b1e56dc64d11340	KF842979.1.1418	90.8	120	11	0	1	120	1	253	-1	0
14e1a93cf2379225b1fd6ed0f186bacb	JF199240.1.1344	97.5	120	3	0	1	120	1	267	-1	0
08bd73939f7bfd85daf2eaee7e9c9bf8	AB016291.1.1752	100.0	120	0	0	1	120	1	420	-1	0
654f282fc504b4dc9af5b8e66a4d1a87	JN713534.1.1435	99.2	120	1	0	1	120	1	253	-1	0
4d987a66ee0e67b68c5c4428097eb22e	GQ388900.1.1507	95.0	120	6	0	1	120	1	253	-1	0
c3fd5b1d03591477953d49f0f19600c4	JX010899.1.1464	100.0	120	0	0	1	120	1	253	-1	0
93a769a6b67e5f358eb9ad0e03c53ec3	GU389579.1.1265	100.0	120	0	0	1	120	1	252	-1	0
895453b352ae060e0ec5f7721547a3d1	JN713379.1.1517	100.0	120	0	0	1	120	1	253	-1	0
95dff3e66b8bdf4d8e509ceae4373c69	AY850461.1.1228	97.5	120	3	0	1	120	1	253	-1	0
c80037fe31359840bb73250f330b60e3	EF092244.1.1452	64.8	125	37	2	1	120	1	253	-1	0
b29143b255f4b97da62310d85fe9b7f3	AB487539.1.1349	98.3	120	2	0	1	120	1	253	-1	0
da3328e15aae60ea55a8765511d0327e	FJ822642.1.1387	100.0	120	0	0	1	120	1	253	-1	0
723858f72b4469efb79c323f75bc181f	FPLS01031706.18.1538	99.2	120	1	0	1	120	1	253	-1	0
47c7eb4df73a5d553cd2f7a360ff5872	KP164992.20726.22199	81.8	121	21	1	1	120	1	225	-1	0
ad492bcae03f566b36a19e31f04d659a	KF650575.28495.30147	90.0	120	12	0	1	120	1	223	-1	0
bd759efe26a5b4b869d3fa5e4693080d	DQ326292.1.1370	100.0	120	0	0	1	120	1	253	-1	0
ebcbd71a778e6a1a776d2d50d0801fed	AY383733.1.1483	99.2	120	1	0	1	120	1	253	-1	0
8021f872c32700d46738f3591cb4c58a	EU772336.1.1397	100.0	120	0	0	1	120	1	253	-1	0
eb8ef4756ed538fe480d979e740a04d8	EF516918.1.1368	62.5	120	45	0	1	120	1	253	-1	0
5db2cf37007f874e25eb2c901917e15a	AY993093.1.1343	100.0	120	0	0	1	120	1	252	-1	0
504572e3afd673db749ee5e8e3e57b97	AB374385.1.1523	100.0	120	0	0	1	120	1	253	-1	0
a6b6f29a1196cacfc392e3d71f55e2a2	FPLK01001565.9.1505	97.5	120	3	0	1	120	1	253	-1	0
fa3729663b98de0c0af7913e9f30c19e	HE974830.1.1459	99.2	120	1	0	1	120	1	253	-1	0
06845c67bc4203081a981200f33e87eb	KT275150.1.1486	92.5	120	9	0	1	120	1	253	-1	0
1830c14ead81ad012f1db0e12f8ab6a4	JQ460078.1.1253	100.0	120	0	0	1	120	1	255	-1	0
0e5df3d01cc073e3c9674c2534169f03	AM420058.1.1248	97.5	120	3	0	1	120	1	252	-1	0
98d250a339a635f20e26397dafc6ced3	CP027226.1150629.1152167	100.0	120	0	0	1	120	1	253	-1	0
