pathway	AM01	AM02	AM03	AM04	AM05	AM06	AM07	AM08	AM09
12DICHLORETHDEG-PWY	1014.6688389607813	642.2250922872714	720.1404150779483	726.8257882870963	640.347856393194	1004.8594271597708	1146.0698095264156	1387.9598857108367	490.2327189487108
14DICHLORBENZDEG-PWY	460.67601163057435	437.4079334374444	688.6303183948497	303.7270910385702	498.7789759308059	931.4276140565858	603.0766429528281	1084.3629945509595	43.30445054685881
1CMET2-PWY	17419.268318325237	11378.118024514557	11905.186543957405	10661.795559956692	16381.39253554353	18408.230599994713	17041.099898469987	22012.523787337617	11665.747070440982
3-HYDROXYPHENYLACETATE-DEGRADATION-PWY	745.0774755731776	190.91208502750715	468.4387989831957	308.5296068600947	342.0868505760963	911.335756474519	91.59012114373576	449.65126926228777	673.4461135553755
AEROBACTINSYN-PWY	58.42278204781429	90.12272684907445	169.4187400741133	75.00729013786301	0.0	29.99901284505279	0.0	19.577984966520866	29.35882666483262
ALLANTOINDEG-PWY	1008.2862667685646	360.7388729961234	973.041424003383	1030.093275231921	1645.4394396868156	1703.2210882367642	1549.412379320299	2187.798097255602	911.4139631963604
ANAEROFRUCAT-PWY	13084.601252642955	7018.6865343991085	8633.014087873862	6253.316050935598	11396.969157942798	12989.71041689158	11118.08884999136	16216.39919958429	8006.673407837102
ANAGLYCOLYSIS-PWY	19336.379608106945	11596.983562089683	12587.429425221164	11435.49360091699	16688.68847669428	18956.315921118843	17822.21253937556	24683.27308897263	11925.71765957894
ARG+POLYAMINE-SYN	10504.453701020055	4681.555587576616	6984.174885393679	4590.822564700029	9761.405474928479	10673.858055265348	9833.229203162353	12348.127132866433	7254.800397660981
ARGDEG-IV-PWY	135.69862868883163	0.0	0.0	0.0	71.32059444011553	58.68738461059076	135.06796463438124	121.8021987656425	0.0
ARGDEG-PWY	0.0	26.64120070041962	0.0	0.0	0.0	3.965903053589717	0.0	0.0	0.0
ARGININE-SYN4-PWY	13815.931728281337	8065.643706480027	9232.376807413111	7707.404843985884	12622.21713832957	14294.60912563393	12170.702298648162	16204.826833791756	8599.73310691459
ARGSYN-PWY	19210.908996941864	12653.849584396834	13711.362416569737	10948.37169806838	18681.57877761421	21369.50991218584	18920.309102905227	25281.312811024585	13312.84462162088
ARGSYNBSUB-PWY	19692.824760857693	12390.529773454507	13943.172464995576	10568.543669431052	18949.161531757214	21685.086565107566	18564.93312107657	25827.044687460257	13334.802008273651
ARO-PWY	22236.086782911523	14251.958824284031	15145.854942682738	12809.390161375055	20887.9706450218	23840.749778934744	21001.05084205782	29033.50970829576	14680.197808765257
ASPASN-PWY	2129.977747260776	1325.2922346757969	1434.1044071104022	737.8408304350422	2287.9755180579646	688.5206021616559	1745.4315728004462	1690.8986192151442	933.4697586673348
AST-PWY	924.8123742739061	399.09493133569293	215.53441570780595	160.60620395974672	254.65199195146292	615.154194000287	495.6295358250454	771.8293908969193	82.34511768021501
BRANCHED-CHAIN-AA-SYN-PWY	22691.572037393613	14405.554125380955	16503.456415642373	13487.567854859548	21349.17247857726	26056.558290794943	22147.893786214903	27692.083023127827	15182.482013399978
CALVIN-PWY	22143.099405022993	14008.623118497891	15517.445399225544	12961.88867723193	21079.493234290312	22609.013800305373	21064.952576914075	28499.434007888518	14373.67988938292
CARNMET-PWY	11.964849217541488	1.9983232000054503	0.0	0.0	0.0	0.0	0.0	31.506517476388133	0.0
CATECHOL-ORTHO-CLEAVAGE-PWY	940.2524754605105	932.0299436911863	632.592259634574	685.8824774260399	346.6474380717038	1968.8396511435847	885.8520099384663	617.6995824963946	111.83604965900797
CHLOROPHYLL-SYN	543.7263792366103	787.9987260724723	683.5525557127451	1005.8363359834763	518.9107108117887	1158.2348874004817	628.2594068328763	775.3214031832874	36.16204036441078
CITRULBIO-PWY	10503.056298083306	6967.197792376805	7405.706939189141	6482.952279234878	10282.968671593393	10100.218206687863	9744.44491857274	14264.607228593604	7082.8824123749355
COA-PWY	22793.98022704695	14193.57528369684	15463.021634657222	12643.667075739993	21468.23835253831	23647.338535453484	21562.85019367566	30410.990896107913	15218.870154729126
COA-PWY-1	21010.98514048138	13300.87086565454	14152.635873460627	11756.19796052328	19651.429840592627	21325.76800611067	19554.627945950153	26883.96302482952	13685.79310310962
COBALSYN-PWY	4679.720272892692	2000.246287359315	2574.580849393979	2793.0277698950886	3999.880192234133	4511.231766910075	4211.824015945036	4882.79184495042	2127.2469024628485
CODH-PWY	3180.1969311938856	563.7365960786813	677.8675259524914	623.0908400127071	2280.831370962961	1345.8551627927443	1687.8705382945266	3044.195421629582	1202.8314035904586
COLANSYN-PWY	22932.946043949163	15411.891980310882	15241.863091828507	14370.383360708769	22340.94144885175	24615.560325623166	21065.854326358774	29916.851572806605	15496.967758438934
COMPLETE-ARO-PWY	23769.24652280117	15171.74675119347	16216.566270475501	13604.624355707965	22323.0915435401	25552.837685551684	22523.104094555747	30885.482605302317	15693.42761774354
CRNFORCAT-PWY	998.9608735522697	423.35857382481345	713.4721163669884	77.50827822559077	1398.452470268293	749.8167861281688	1137.409519853071	2545.50732575849	1208.6704236030653
DAPLYSINESYN-PWY	19524.827023624355	12535.7872104951	14248.459409108178	12073.27127145664	18816.08667880793	21531.807556119933	19688.36595736445	25624.555847627886	13720.200908413084
DARABCATK12-PWY	816.1108937752432	508.6838093719949	746.3220018211981	209.42259807270503	951.076719708366	1275.1240350735122	847.180464659744	1562.9855018806975	533.831170340255
DENITRIFICATION-PWY	4207.073790623596	2559.7336021379433	2761.4635916756915	2462.732997391926	3423.5214103566486	5500.852129233394	3974.940518637296	4907.291788599769	2429.7017299949516
DENOVOPURINE2-PWY	8720.38217533158	4906.415652897652	5179.193481716476	5184.6677235529305	8995.445374867886	10710.074451354943	8522.920472045897	11977.828667031892	5463.455209087929
DHGLUCONATE-PYR-CAT-PWY	81.40867331894226	9.98809859417675	47.6737475944177	46.70285552148644	0.0	327.5496256588354	0.0	26.62319228251898	0.0
DTDPRHAMSYN-PWY	27844.968930943614	18158.37380416809	19053.702725304192	16447.471098863418	26479.04548480919	29889.918090473686	25764.735100368067	37087.76585622186	18801.226498001248
ECASYN-PWY	0.0	8.558100742028666	0.0	0.0	0.0	38.76018148766873	0.0	0.0	0.0
FAO-PWY	18539.382069679476	9210.006582365908	12913.752709180993	11106.370720749865	16052.30999500976	19736.774696610628	18279.514778737175	22299.675219178607	12319.326454663678
FERMENTATION-PWY	13874.975232573259	6445.300637415597	7249.699757068369	7109.0062990389315	11116.10396811264	11890.62560115048	10628.620098614698	15321.244416899623	7363.650848861769
FOLSYN-PWY	17511.85707887309	11608.486032039833	12228.912483095877	11057.860503816053	16655.076650276977	18224.983737686023	17232.49167109151	22999.672188583394	11862.717109190893
FUC-RHAMCAT-PWY	941.7108087685151	97.20928466806025	736.2784239311386	394.65414621774414	1103.524970524309	1650.6147732509762	900.0691411090003	2134.8880211186765	837.5594461238164
FUCCAT-PWY	1021.9305561778186	543.0391990083947	920.740696195348	249.45242235743436	1141.4580268218983	1654.2423081881677	1105.6848794992375	2170.9144456171853	667.2293453556803
GALACTARDEG-PWY	6997.4518529135785	4277.981896285123	4849.302358927816	3834.267921920032	6414.24289991945	9070.696335228795	6921.614961221772	9039.41821444237	5058.525625491982
GALACTITOLCAT-PWY	173.92813238217047	0.0	163.20372367934505	0.0	128.76950503691273	7.989415123311061	142.48749845017562	0.0	130.5193684811982
GALLATE-DEGRADATION-I-PWY	596.3358230519665	793.532765741525	809.7395961115706	494.1095833764085	696.5683905624167	1936.0122457031496	628.3969844934819	853.6287318435263	619.7979430764174
GALLATE-DEGRADATION-II-PWY	110.10147686525112	95.59217319060203	955.808009594177	144.21574177369243	1091.3436747731905	1245.1336088357448	704.5867627148556	1677.5421350641632	619.7979430764174
GLCMANNANAUT-PWY	1945.1462615658345	2095.4090897542483	1562.7780564917489	1455.2915158326148	2411.9140037532875	2796.4175483279823	1929.8957068063714	3776.276311897148	1175.7619951740094
GLUCARDEG-PWY	6997.4518529135785	4277.981896285123	4849.302358927816	3834.267921920032	6414.24289991945	9070.696335228795	6921.614961221772	9039.41821444237	5058.525625491982
GLUCARGALACTSUPER-PWY	6997.4518529135785	4277.981896285123	4849.302358927816	3834.267921920032	6414.24289991945	9070.696335228795	6921.614961221772	9039.41821444237	5058.525625491982
GLUCONEO-PWY	18149.223301459722	11607.812166995835	12826.34855932202	10681.030833209315	17743.41819170958	19291.665169633	17957.95113134703	24573.175013980264	12427.418659103727
GLUCOSE1PMETAB-PWY	18071.67	13104.279999999999	12744.73	12245.0	19259.08	20280.01	17395.0	23723.66	12395.35
GLUDEG-I-PWY	338.0546681041343	440.7290191992656	769.293169238996	1052.4398786867496	480.0443552570811	870.5589036220756	514.4785894644552	1444.2697939753866	258.3806422436033
GLUTORN-PWY	21714.655412765645	13748.497959853596	15199.579205017912	12397.390078088147	21122.668539857743	23795.33916853589	21253.098467992586	28198.222981882645	14975.766065086771
GLYCOCAT-PWY	4277.917013839504	2474.566745488127	3943.6565146886455	3297.392302865272	3463.6855113691618	6902.524264126288	5674.46408929684	3368.189548797286	3614.16637984173
GLYCOGENSYNTH-PWY	18825.07233202919	13546.31180140575	12944.099206671759	11945.305169793313	19576.961884185093	21455.709714400124	17625.266621818097	24760.3192174785	12899.840257571588
GLYCOL-GLYOXDEG-PWY	428.17104555268736	339.5678634573216	459.9450153007429	280.3716512771909	339.5572350068233	473.7597049472831	340.21150216661675	228.0323400836065	135.4996312316243
GLYCOLYSIS	21581.843874286165	12978.028533771052	14157.193010927942	12243.519858426243	20099.928663802693	22567.847992008952	19977.291236734018	28070.97184777585	14119.53289523895
GLYCOLYSIS-E-D	5540.853276472589	971.4158343710887	4160.902903273533	4754.62724070315	5442.387136138519	4780.033981590065	7673.086630552927	7734.341608960542	4344.542332059264
GLYOXYLATE-BYPASS	5629.929541091667	4262.445644261987	5477.2508076249005	4114.3648715744785	4724.824585329282	6102.628185518527	5730.227638405686	6486.358587800607	4711.270834763221
GOLPDLCAT-PWY	422.70551232393274	234.87115702893823	290.5741822852283	0.0	367.37721787816156	127.83347453826376	175.06868250539958	596.3631642035025	129.32400277312527
HCAMHPDEG-PWY	32.33898944735713	5.72862753332029	0.0	161.3721796341996	33.205256894784974	206.97187023286256	0.0	0.0	0.0
HEME-BIOSYNTHESIS-II	11701.428700442517	6869.6189374058995	8370.59451338474	6392.43618970921	11776.851224576632	12681.026251434949	10835.515703202693	16343.223093662027	7568.35622083325
HEME-BIOSYNTHESIS-II-1	8100.03321098629	5213.279943196042	6382.943455222168	5940.256875267944	8012.6345413261115	8615.023137047057	9274.977948994312	11405.026068669891	5626.646587356096
HEMESYN2-PWY	3413.656101979852	1489.6688825760368	1269.7303686863163	912.0159759313093	3246.0679012481273	2294.5142490371927	2300.5593252068	4818.860907726298	2153.1112747581174
HEXITOLDEGSUPER-PWY	560.9775864434748	0.0	508.3936583686175	0.0	415.90931583036564	27.869663570547868	463.8725685855316	0.0	423.5340543600031
HISDEG-PWY	10287.010731964903	8205.725035286188	8251.43556770707	6417.207632426906	10346.824123470293	9467.054599852749	10011.818039203667	12277.46656426679	7154.860510324752
HISTSYN-PWY	16312.17787411314	10027.126464174344	11775.64630864535	10005.094171731449	15010.406972140223	17543.87766774879	15880.504750126665	17968.842170489545	10751.484451978173
HOMOSER-METSYN-PWY	1370.9093718985534	982.2951699539879	1431.9667428462014	1500.567508146998	1979.0404751360118	1454.8400172314105	2322.16517680863	1678.533388280338	1535.6350155537707
HSERMETANA-PWY	15059.498563682851	9964.887559674617	10398.556610045109	9545.792353525307	13280.777109391978	16582.6280537338	13971.975547274566	16360.25020796599	9274.961043914534
ILEUSYN-PWY	24184.958505329883	15505.595208300161	17542.924279884544	14537.702073558426	22402.205685490553	27533.336410376	23921.4356421834	28743.107731868422	16594.014972113615
KDO-NAGLIPASYN-PWY	573.0705981977217	31.918485949324626	0.0	1061.355230395678	1388.8578556841303	1531.2556384984994	580.4256746670212	2045.2846550731206	1842.8149915538615
KETOGLUCONMET-PWY	729.9450747732335	662.0233443228022	645.9014095422478	740.0650962417061	501.49069940476187	1023.4794741432797	816.3300302404215	662.0305071025567	72.01655172413794
LACTOSECAT-PWY	986.8182267243599	261.20366107716376	868.9944498423365	0.0	412.23445894642225	384.9483619658949	287.34783569264965	530.8686713781548	217.29131261750362
LIPASYN-PWY	4974.5	3755.5	3476.0	2244.0	5279.66	2869.36	4122.5	4102.5	1611.0
M-CRESOL-DEGRADATION-PWY	0.0	0.0	204.5327538031667	0.0	0.0	0.0	0.0	0.0	90.23598613364803
MET-SAM-PWY	2550.6190943271454	1827.7252633925734	2593.139740693932	2640.117768964764	3558.4447927553883	2728.3289619994325	4103.1510734275535	3135.470209915532	2711.266812801651
METH-ACETATE-PWY	3033.1173305392526	571.9548541118247	679.8614838763716	637.1137216086519	2268.0657070407333	1350.0577391706634	1659.2069228549144	2944.3111927561463	1107.7825666082051
METHANOGENESIS-PWY	2287.2281866871886	302.6479340101625	601.0191795750496	525.1543881847335	1589.230853745999	1285.0903344572025	1363.3797530797976	2356.574268744133	916.4867138641655
METHGLYUT-PWY	1155.681688301568	1008.5125705797116	1056.4534625433644	569.8478808430473	1593.355391621368	1803.6152909463624	1255.2853172923246	2020.7912999932423	894.5118262194495
METHYLGALLATE-DEGRADATION-PWY	28.05985103191712	9.935605954417072	0.0	165.2265754846382	40.06880272679549	568.3852379415181	292.6180298896419	7.4675501068695125	355.7298347874457
METSYN-PWY	2300.7617650639777	1642.6106948127401	2357.474335827203	2429.3515407775585	3253.5422182381335	2440.441196804936	3772.826515551763	2818.1039125618768	2502.129893136796
NAD-BIOSYNTHESIS-II	216.65637802918235	9.767092437643974	1.666481939560368	0.0	30.480336614366514	38.03185802230628	0.0	0.0	0.0
NADSYN-PWY	5765.3676672275315	4940.261272463846	3443.0700786701996	3617.558114322789	6062.635955417764	5965.830538761556	5293.526650156467	7790.636455377985	4006.6941076268877
NAGLIPASYN-PWY	16922.265947592132	12112.996690435928	12383.906128139088	10571.996512258138	16879.839316771944	18913.642248172022	16985.93349857694	22687.592624431647	12076.161132518204
NONMEVIPP-PWY	18623.826610913988	11933.930992973246	12769.826655537654	10771.929520598023	16957.522430520043	18973.168069479303	17347.89969236214	22722.482549034346	11837.4597346165
NONOXIPENT-PWY	31116.65413362941	21679.96816460212	21403.042410240087	18090.337843603873	29727.752848639386	31141.669409887134	28702.811810179635	40563.10025613313	19914.311956460206
OANTIGEN-PWY	18197.991307186316	11916.052886416042	13399.976485777244	11300.408109021428	17862.37957983242	19433.86078682395	17749.743004563603	24048.194376921787	12365.613743992846
ORNARGDEG-PWY	0.0	26.64120070041962	0.0	0.0	0.0	3.965903053589717	0.0	0.0	0.0
ORNDEG-PWY	766.169207400014	211.3256786534801	671.4672733466526	387.8768446184305	302.1495606287357	308.7775721272769	747.4678691469935	567.7892829665626	326.53956684052974
P101-PWY	787.9318458875218	148.6837723882746	14.926852028586298	470.07391127661134	42.1414506812011	390.12766523856675	178.8444617322886	170.54628309263987	109.73218974122477
P105-PWY	1951.2993751107251	926.0463093223544	1403.48751227617	2091.7769009072827	1500.006000095012	1591.0842464878015	1248.3458889875642	2295.11478145273	954.1259040290895
P108-PWY	1608.2269704734815	1094.8281118015286	1628.6023422343294	109.6061852734331	2220.761366773383	1335.0604172459157	1250.3117937080995	1894.2483193057415	572.3175640743422
P125-PWY	2570.609048131663	1348.7654332193881	2485.4602961670166	1059.7009895653996	1751.8691480269144	3239.4888396499045	2860.170903154315	3335.0140460068374	1925.6864329200266
P163-PWY	466.35326698165835	315.8278254317097	0.0	9.685711359956752	555.9734684770476	318.6974460733357	595.1600548303512	1086.8709288685939	400.1257147101381
P164-PWY	7996.095789839662	5151.363454781582	5334.089153484994	4634.420268071097	7192.336178407024	8243.714908959722	7898.519957377135	8823.393621948835	4937.203844752966
P184-PWY	38.38636957572173	13.522839252237256	0.0	189.07669697925567	54.98364813056053	688.8038294314706	371.71285077479325	10.43160021198052	442.2389177102029
P185-PWY	1827.655544822035	1023.9370606754431	1308.5261149515445	994.3977788150322	1031.6941776913263	323.3007000280241	660.0629015865833	1393.1649859699796	189.67953262348507
P221-PWY	3523.8153879014294	1431.0872269373974	720.0922696174064	1620.8442186723084	2548.67576733548	2396.2556613975025	2054.275007658546	3303.478914659337	1715.926851108683
P23-PWY	19913.626687463107	11964.097319266795	13011.69600626375	11894.42159659503	18592.2041944442	19751.17901334146	18683.78945232069	24100.994349818986	12332.36444352006
P241-PWY	953.0644327488064	281.92819078845116	177.98967088879644	219.92865643203038	743.4922445411269	462.3006195851064	452.2763436862205	930.0648628109473	370.338303735353
P261-PWY	1073.1197164352384	1614.4735467998332	1228.0701921002092	1295.761728760308	885.4056236760705	1966.8775481949606	1417.6502884738475	3.9985008270514237	169.67826137295614
P341-PWY	193.6292866006746	0.0	0.0	0.0	0.0	0.0	0.0	227.11955741419845	14.77181028870149
P381-PWY	1406.058754369016	786.8122691439376	1143.7897758726951	188.43026143545777	1258.2795548705164	1004.100319243531	1286.8014430017417	1671.5188900794312	559.2359695165917
P4-PWY	4763.706181268382	3358.70189074081	4610.20388269589	4550.215803656674	6285.46381436068	5077.275301594035	7121.752298619323	5870.641949956929	4769.8813046926
P42-PWY	26446.67164392997	12883.67704859009	14144.120699720288	12061.236416841515	24318.75423637445	25024.99277887291	21187.923346131978	33296.945156419315	16025.909723728071
P441-PWY	1666.8593714940816	1811.6087123298294	2626.2191365987946	1141.5347942277845	2134.841986411779	3581.4654750160225	2605.6262885508077	3467.6917566469506	1249.3852640631217
P461-PWY	1346.7595939240546	595.1645746111451	873.030963437564	1471.7713511063264	977.3437936346254	1662.9775158629332	1254.8732312392633	2225.884601342422	1214.6462591008506
P562-PWY	2427.0307715851363	917.0066022092808	1123.400649556631	1657.3412515269324	2815.6930458578113	2151.7543352559933	2125.863244911542	3879.8914421130044	1271.3833039865508
PANTO-PWY	18697.80794517706	12062.551468279373	12525.669263236468	10660.535793532952	17388.95088370858	18451.799925099982	17221.720869341312	23409.507339277963	11822.339699375509
PANTOSYN-PWY	17087.138353509636	11698.10061161457	12220.680724521479	10042.395952811272	15755.631375738365	19039.399795262594	15932.974845237492	21280.154377836287	10992.07823732912
PCPDEG-PWY	609.2305508619033	505.9629261942942	746.6181239494078	419.13670313492537	515.4845751819927	1194.6583159261718	698.9975186900087	3.9922386542797508	101.2733749012934
PENTOSE-P-PWY	24693.297984614106	16860.13500969074	17771.800607344147	14601.36181234592	23266.685209185533	25115.823056488865	23601.18762364003	30809.35438803112	15226.445327145682
PEPTIDOGLYCANSYN-PWY	18872.051301019572	12599.51169655047	13377.374426207476	11475.97446605458	18143.334943148024	19509.31954610534	18687.212858825627	24942.47303225531	12785.499962941572
PHOSLIPSYN-PWY	25927.5153905198	16572.4244742552	18072.989069284773	14944.1451639072	24841.39386339474	27559.58063010514	25260.95218467819	33581.10847535098	17477.66716224891
POLYAMINSYN3-PWY	7446.417112231218	2994.244748577181	4849.207059700049	3016.033537738757	6804.792020576804	7384.610448151997	6897.754915092729	8406.704080052961	5173.496198948185
POLYAMSYN-PWY	7354.991566874197	2925.210120756107	4760.298851089838	2975.0235129328694	6733.703750069817	7244.159140092677	6814.828484632589	8301.122498221948	5100.946441884898
POLYISOPRENSYN-PWY	24509.459028077432	15908.104455175546	17111.224226198923	14698.725186748261	22715.389464702654	25787.723479463526	23486.908134463727	31970.221544959702	16233.318907250845
PPGPPMET-PWY	11647.060598943373	8097.977682214813	8574.851976577256	8158.056349297909	11309.936745499153	12564.020470326492	13254.795968412978	16102.402180527983	8304.927888587374
PROTOCATECHUATE-ORTHO-CLEAVAGE-PWY	5148.4005316112825	3860.593461819594	4602.3254287876425	3799.0568657809376	4541.6284976751795	7331.750571698779	5925.062634327689	6396.954801100293	3236.515833909356
PWY-1042	26213.01588417359	16562.398069407078	17686.803738021754	15479.299498634216	24789.99706128103	27360.08027085059	24322.038370649847	34024.51159142525	17141.71563262011
PWY-1269	16232.593417326383	11228.828671937548	11797.53975888102	10060.604091626394	15557.341103570176	17908.8070580159	16068.12692310501	20666.757910218097	11359.587277112489
PWY-1361	1344.3053082242284	2136.24876198958	2592.3374433213025	1450.4007275082386	2710.0037420456897	4890.439167885173	3344.0004416352176	2356.888217711243	2824.543776187147
PWY-1422	216.19139245647045	111.47273214417196	58.7599980759215	251.23941345681226	253.58205314037647	138.35867980954217	108.18578322953168	276.58592174662346	24.855886659332906
PWY-1501	870.4426590262534	889.2424704855865	795.645662173701	365.2314716520066	313.9839897902813	1600.4250284986158	663.752942931944	919.4796358741849	688.5365332130735
PWY-1541	310.3094677313632	356.5071633635059	0.0	5.967119752408918	528.33372906369	255.97337145023036	353.610601046616	283.38989228134	0.0
PWY-1622	7352.813314846181	3864.3274475805406	5256.92861747662	4580.313937333004	5584.400273989986	7332.239523622529	7466.170947760978	6968.448015431816	4572.905854801421
PWY-181	5159.874900431142	1811.1003561720556	4310.564603542287	4111.243678418142	2209.4567256717205	5451.064371618534	5764.842337144511	4833.59724047438	1717.7883388130122
PWY-1861	3315.4152853324204	1040.5996281855112	1404.395212879451	2021.5762824372785	3188.755914281463	3939.762034012667	3021.59893227504	7884.281465981306	2456.5213207790875
PWY-1882	744.7211490236944	200.94248663501085	0.0	184.9930741479567	325.43437828981354	710.8472717391078	66.85303558909202	133.30639955931574	79.92902186441599
PWY-241	10557.720273751313	6238.756816408696	7039.567875583147	6622.626630428341	10188.170557809492	10645.837380288718	10131.716488532293	12540.802959993953	6666.2635875332935
PWY-2941	1987.2103331176424	1570.8576874784242	1772.732667029524	213.47954745020672	2635.846690201172	1010.9520683781607	2355.734190750746	2615.6062743574944	1515.495959161023
PWY-2942	23154.944551868786	15185.347480055927	16085.231072824716	13753.769901510488	21633.766451219904	24139.696671496862	21647.669745673425	28959.722866673827	14907.704703867716
PWY-3001	24089.582547961094	15772.538207746007	17258.216331314754	14093.111406545313	22782.093341611635	26576.320093548056	23098.589292380617	29492.276635323138	16227.36805025215
PWY-3481	45.17363934293017	102.80915572884128	48.83340644110962	152.08946570073854	137.52691090001957	15.4030807316462	0.0	266.3669632881592	22.116928660851887
PWY-3661	2369.4471096936054	1320.9398341636804	2420.2811181820375	940.9432100374477	3260.0354806468945	2274.1937598825516	3460.723963188412	1110.0445177783984	2097.8689041356956
PWY-3801	0.0	54.04933269028418	0.0	0.0	0.0	108.12831064162896	0.0	0.0	0.0
PWY-3841	17815.512848719038	11564.659111795434	12207.627103164694	10620.061339014122	16992.67999223119	18851.710345345316	17226.132528920127	23294.234414736755	11678.28795439741
PWY-3941	391.54114798327976	0.0	0.0	0.0	0.0	109.72439291233248	0.0	47.24145137447171	0.0
PWY-4321	154.81153584732155	233.68877685157977	411.68062282924825	59.11752167116669	250.1348946030964	257.1174662495009	217.84891221839612	339.55373076702676	0.0
PWY-4702	182.31951141112185	15.944263008926628	3.9946790821416696	0.0	0.0	30.97647930503944	236.43426443202978	3.997426659804426	0.0
PWY-4722	186.53241633086216	0.0	0.0	0.0	0.0	0.0	0.0	3.9994311120498316	0.0
PWY-4984	10956.429309891253	7038.508294541054	7839.551121561224	6657.326715091378	11309.53423586212	10592.264250113836	10018.791106261224	15484.853424924437	7256.678658205539
PWY-5005	594.2016739265899	269.3609966330087	2.3996168759641523	692.9733233672141	304.8885887037141	806.7983455233818	780.8009581192567	723.0940199355761	558.0770970657462
PWY-5022	8833.72963670829	4856.709267252551	7532.771722989242	4721.4412176336855	7675.268187097455	8473.158784734745	9033.719406128184	11285.08935956701	6116.031830238727
PWY-5028	5107.555084374306	2375.219733690036	4015.9081163424953	3600.252969003401	4156.393284081602	5152.113908702862	6003.165375656407	3932.619093131067	3728.6734216729774
PWY-5030	8720.56117478252	6934.528532808217	6333.19413170796	5078.584367424799	9188.889015770526	8366.414732987012	8403.969780392405	12328.08731308594	5974.763047583073
PWY-5097	22402.75856056264	14684.141209635673	15631.63986442872	13264.797973376384	20950.948162091598	23377.263454251835	21056.00383195863	28136.339621430026	14504.404145209433
PWY-5100	5878.359093425177	3191.1322791568346	3869.7234585489628	2801.7404097221056	5677.575270546922	6675.521786897423	4945.438840251589	7129.4174019950415	3140.126364316548
PWY-5101	653.7037527991534	1321.8553866511322	1273.1480515752178	1583.2666655166438	1343.7573060459401	1811.3437946891747	1404.946907480347	1145.789704773293	1617.740352415414
PWY-5103	21928.224252384338	13517.992133371083	15762.972871467324	12994.717654626855	20345.796125080506	24746.893991305562	21509.62018372033	26256.61791136654	14986.427689425942
PWY-5104	4171.43647297025	2277.3967011360414	4021.5450788941407	3129.7962424511215	3655.275123979781	4631.986987636248	4683.385657136823	3504.390837192897	3348.1751047425673
PWY-5121	19256.690435058674	12383.267827221147	13216.045886581112	11347.94376330504	17572.176830885597	19973.75848372464	18088.940913960592	23859.015532219815	12393.876692510747
PWY-5129	250.53820124145304	0.0	7.879628541201364	120.1706317945486	203.526077379806	114.7309331595046	221.81435538758294	0.0	0.0
PWY-5130	18945.938935823957	9971.38144786701	11587.58658670932	9176.834181571472	16340.327718308661	16869.850612620066	16498.388182608924	24108.81568529467	11790.755779550718
PWY-5136	22685.92629129921	12080.919431285176	16244.280213646285	13314.459065457413	20141.166874553932	24821.78996789412	22286.793539944923	27546.41762755697	15459.823541879323
PWY-5138	11555.787243533881	5698.535228468437	8250.879302305391	6486.929257874741	9651.93999295654	11347.043453121676	11206.305619270457	12426.854042702693	6940.264393082355
PWY-5154	20374.64891258816	13369.865978649786	14594.803078188103	11641.164547039942	19890.004369146594	22720.72396261036	20177.235206520243	27059.839684065362	14089.136975970034
PWY-5178	381.0399814629784	134.99087124384351	0.0	116.6495216635481	140.6317808865345	510.34144017987785	171.90241316663824	271.4397568780096	240.5620636864119
PWY-5179	255.1441617042549	0.0	0.0	0.0	0.0	0.0	0.0	5.99023808482285	0.0
PWY-5180	3210.412247778642	1706.710565059105	2768.2511971052913	1275.4631274800654	2666.77603516262	3128.4030530811074	2639.617084942399	2828.9294665542843	1851.4381761815785
PWY-5181	1314.8450324648973	341.92660158117695	0.0	347.82060451584005	87.96628274848166	1103.6144688864667	153.33237158883946	297.6245464153461	317.00261786822324
PWY-5182	785.2635463055211	194.0686206225732	0.0	169.81263763502687	52.41415649767324	766.2462496895073	89.28638665329522	177.80904914716396	239.00982990597177
PWY-5183	173.45617935454533	0.0	0.0	0.0	0.0	0.0	0.0	4.346404883687387	0.0
PWY-5188	20015.95286767428	12697.960848719538	14666.140668558875	11824.699843170143	19115.88854052248	21478.331381256125	19311.969105433218	26078.14475876019	12784.55206433861
PWY-5189	18211.556328474704	11698.224562704969	13395.346674863187	10756.420194002294	17468.89077499324	19673.599287707	17517.26393591812	23995.389532986148	11517.188848056512
PWY-5209	4382.223421511109	2081.358044262777	2811.5984819410687	2376.8317535545025	4077.6243265455205	4699.018971518518	4499.790242670345	6273.827736871939	3105.2646929180137
PWY-5328	2911.618446398386	1480.141613861839	2443.260577312956	754.2772934136375	2390.4966182739167	2681.2978051061896	3768.2037784246354	1986.7397972171448	2126.701270295409
PWY-5345	18825.724221738183	12773.646605849142	13613.046086976829	11836.37220313426	17699.122340196143	21067.28745708268	18435.506255901306	22595.69905909122	12367.789095256785
PWY-5347	2604.9410982940926	1858.3679079381834	2656.9707699304913	2730.113275518603	3668.078817861778	2763.316311570823	4243.262651635359	3194.3907090316447	2818.0073747267697
PWY-5367	3332.0374434476475	3091.7722867706443	3097.9988720890733	2282.1093755195775	3122.866047023654	3893.482565956024	2582.9482589624745	2578.9957556014488	2103.6496753196543
PWY-5384	17137.966278088355	11241.316093816857	13195.096085761717	10510.913740203097	17184.538830246474	18388.317744394586	17370.647472071334	21969.426777076274	11858.287144865973
PWY-5392	90.72667318505559	176.66161004440335	412.05472153407874	295.4309239147269	0.0	294.6760206715434	246.48632943849483	139.33590417977032	0.0
PWY-5415	1379.4766548365963	640.0230660299836	1319.4499788205244	246.26010750490894	1531.2448231018745	2130.787086937854	862.8063141447785	2127.100379540502	1011.8281039753339
PWY-5417	1285.4877880586114	1209.1813436040777	863.7811961542975	915.8721653027812	501.4237416759519	2419.0392110003504	1213.9267169629065	873.1899461862691	164.73925281290758
PWY-5419	4516.434734544716	3338.724987300232	3387.4964359826818	2206.0245017454545	3805.2291350350706	3901.236133454492	3928.178270154559	3938.344562917434	2640.854948329599
PWY-5420	1913.9489834604635	1278.822135523921	1645.7637048571287	841.8126428289394	1840.7506822618395	2439.759562032148	1412.5590371426633	2421.801961760986	1364.336857503512
PWY-5430	743.0814358461182	246.07156712330772	0.0	156.02319417094148	258.03945112100115	1128.6604051818429	274.19123763175344	876.8747901477075	476.33977676196497
PWY-5431	1285.4877880586114	1209.1813436040777	863.7811961542975	915.8721653027812	501.4237416759519	2419.0392110003504	1213.9267169629065	873.1899461862691	164.73925281290758
PWY-5484	19947.897537856872	11690.410950424934	12886.459710927686	11222.260392799622	18505.667018567634	21228.868905113693	18393.10014505424	26022.053505089774	13199.729655137937
PWY-5488	0.8324830077689899	0.0	0.0	0.0	59.94836913647526	0.0	38.61573190462811	0.0	32.62507039609536
PWY-5497	8684.409743217184	6004.385548950952	5577.061192190356	4776.187872001701	8500.554001368826	8251.894295344528	8159.7239080918	11412.921887787183	5506.301589326555
PWY-5499	148.6127105225277	0.0	0.0	0.0	0.0	0.0	0.0	36.16366455922701	4.723151810161242
PWY-5505	11373.253590527369	8611.513593323385	8323.228827675874	6468.281126136352	12051.534551509503	12382.608416461031	10158.596498283023	14428.789342035514	7980.730048373878
PWY-5507	769.6914299424279	0.0	0.0	0.0	539.6532741311454	0.0	238.83960545909127	0.0	0.0
PWY-5517	397.8423033283702	127.80740230053803	649.3816848085451	415.51928655423296	231.70271113954823	681.7445281903217	649.9136609763785	275.5779438222213	638.0150082591749
PWY-5519	977.840182469571	7.990862643239849	0.0	377.7205024987758	351.4327559975788	683.6419107635046	661.1767775457384	1664.1168413294747	374.0598334057485
PWY-5531	178.76170564372853	159.36941522273796	97.77463129251788	240.20088760232207	441.0038422045932	242.3286652250041	0.0	399.6731903665304	57.77724955513887
PWY-5532	0.0	0.0	0.0	0.0	0.0	26.511427388945098	0.0	0.0	0.0
PWY-561	3036.7135497258378	1899.4386051595275	2409.9268430686843	2561.1848420005645	2673.5542308363183	2777.827770746919	2476.6976287104676	2649.283206368289	2329.785106046238
PWY-5644	100.58029445222759	0.0	0.0	0.0	43.99827289207912	0.0	0.0	2.984579005871076	0.0
PWY-5647	3649.249062842712	3228.2885119297075	1919.9463385580532	1823.5590196623882	3856.080314309644	2959.622678421734	2893.577845175669	4921.716886032371	2188.0835684612557
PWY-5651	4089.14765629998	3633.238534838324	2395.662676334112	2589.1004818508513	4363.3495202282875	4219.595169564579	3729.7853018919523	5556.354424243214	2862.816466020098
PWY-5652	3653.9666258432026	3140.0713525171313	1906.426326429298	1739.0568782992514	3869.4533307640995	2803.6128325590876	2868.713550452005	4957.528222571591	2127.6591619664855
PWY-5654	3653.9666258432026	3140.0713525171313	1906.426326429298	1739.0568782992514	3869.4533307640995	2803.6128325590876	2868.713550452005	4957.528222571591	2127.6591619664855
PWY-5655	1907.3250851035434	1068.7224141010438	1542.3961234983262	465.77813033358285	1760.8922809637327	2507.3230077630933	1297.8630212711848	2187.0699210206985	1369.4507109599863
PWY-5656	185.2982383397797	50.474938510079824	127.91084844513227	81.42002700069729	366.6691171467268	262.00980621453095	305.3913159950921	322.14724632940414	63.34519493671132
PWY-5659	25863.64437335527	16181.735637474052	17195.879290181274	15540.964994714788	24586.712956487907	26459.850494956605	24081.627447492483	33933.479395438604	16897.86776528385
PWY-5667	28647.737766212136	18134.027924891376	19706.577536472963	16523.502867229527	26886.805769884242	30071.752676052223	27154.598581155693	37025.315807207626	19202.893228328467
PWY-5677	0.0	43.0803419470871	0.0	0.0	127.43661284983189	112.7079112097871	60.82775922696999	0.0	0.0
PWY-5686	24780.36450444039	16075.695493203035	16826.976799202905	14101.147735572065	23865.827777476603	25397.841132595102	23151.815727794215	32230.00831575865	16563.066030438476
PWY-5692	1169.3744574416617	507.3167935744976	1010.3939500088427	620.1404758761356	1199.6877719511538	1436.9236619765052	1425.238725588472	1191.4938318984766	985.2749140184402
PWY-5695	24770.76272632465	15453.739854716947	17161.248262430676	14590.396476017047	22800.967737827767	26302.608104378192	23284.333349101136	30390.86564704443	16636.889516470677
PWY-5705	1169.3744574416617	505.90508565877826	1161.619923044092	1026.470268164967	1431.236130936393	2468.0295559397346	1767.5604937672038	1899.0179318135483	1162.1025509425137
PWY-5723	10474.511689506884	5263.575222723682	5805.753965177207	6302.107121354621	8694.13971218588	8297.864767830857	8781.846839799982	10718.921381730315	5203.213708303074
PWY-5733	265.5	62.5	0.0	197.00000000000003	17.0	86.0	35.0	70.0	45.0
PWY-5741	2221.3817009287013	832.9305408339061	1088.3861792809369	764.1019009404511	1378.4628132488715	1980.3872221714082	2246.997183370147	1186.603590522985	665.0396410587875
PWY-5742	497.46296283559496	0.0	284.9681472769059	144.42644321701192	328.5005359606243	245.7103415024653	250.71859150002916	227.06910971287627	119.75946112971998
PWY-5743	0.0	0.0	0.0	0.0	0.0	95.53236479817315	0.0	41.38316895311701	0.0
PWY-5744	0.0	0.0	0.0	0.0	0.0	84.67378655795657	0.0	39.84374884261887	0.0
PWY-5747	718.8069880950085	998.2918520927525	952.425836873803	1028.6441080861466	982.5883319572476	1770.431275279964	816.5810094611574	1207.3418749425362	901.5221647812115
PWY-5837	3633.4368765810923	2170.6256309287155	2242.9752955350955	2426.9543794214565	3189.7338695379244	3873.5661864005947	3049.298636050869	4298.648504414909	2096.1002816054556
PWY-5838	7264.944358748169	3910.047877933435	3891.31040517545	4284.557541573195	6359.829972731225	7116.103830628079	5766.030110067189	8343.182811720337	4057.2650589272503
PWY-5840	6865.838068477297	3388.1501637474316	3541.50155008047	3824.1738578387294	6002.306059283151	6525.042787695819	5341.7388159927805	7887.18769899025	3821.7393157125757
PWY-5845	6032.682122207472	3034.074696278111	3128.525192427813	3246.6313680970775	5327.543045113303	6095.816201612875	4960.364527219258	6931.062234542906	3116.4457455391716
PWY-5850	6032.682122207472	3034.074696278111	3128.525192427813	3246.6313680970775	5327.543045113303	6095.816201612875	4960.364527219258	6931.062234542906	3116.4457455391716
PWY-5855	15520.794048558437	11020.769171297601	12191.74557243832	9391.670010871097	15432.275589311095	18668.131715303523	16176.58432452975	21967.276796738308	11042.08343933276
PWY-5860	4386.124204068618	2152.252130710212	2238.3812520201127	2350.6680140067533	3854.773115828232	4423.213985357626	3570.634726307838	4980.316737663178	2222.9919823542973
PWY-5861	5381.63740449458	2825.8811021260753	2834.735982544593	3189.913376836919	4679.055992156847	5241.116410360094	4205.047470847536	6091.584510940236	2956.5346970221744
PWY-5862	4386.124204068618	2152.252130710212	2238.3812520201127	2350.6680140067533	3854.773115828232	4423.213985357626	3570.634726307838	4980.316737663178	2222.9919823542973
PWY-5896	6032.682122207472	3034.074696278111	3128.525192427813	3246.6313680970775	5327.543045113303	6095.816201612875	4960.364527219258	6931.062234542906	3116.4457455391716
PWY-5897	6813.1312907739975	3684.4928825162374	3674.4192477207907	4057.0312471405946	5958.17404551487	6709.560310269499	5414.166623429567	7825.5384935511665	3804.5674504144004
PWY-5898	6813.1312907739975	3684.4928825162374	3674.4192477207907	4057.0312471405946	5958.17404551487	6709.560310269499	5414.166623429567	7825.5384935511665	3804.5674504144004
PWY-5899	6813.1312907739975	3684.4928825162374	3674.4192477207907	4057.0312471405946	5958.17404551487	6709.560310269499	5414.166623429567	7825.5384935511665	3804.5674504144004
PWY-5910	828.4070064293987	597.8882142874907	0.0	681.5339530871944	560.6720224833456	473.45291029128566	286.3308986828327	1113.7727731838033	676.8637597900689
PWY-5913	5307.735266772864	3571.037741590786	3568.349435143412	3321.50309736671	4483.521011629127	4110.006295040191	3780.341810194281	4756.4226347862605	3214.914402164879
PWY-5918	15389.21966807029	9401.647350292325	11133.563366987057	8703.301973807076	15189.451060407822	16622.34005771096	14388.70979241482	20857.493762295217	9861.29952478287
PWY-5920	10543.330949542316	6688.900373452066	8060.790344662145	6983.02713723677	10364.105962336329	11323.524517864056	11173.474501479644	14628.003900107842	7080.1638134186105
PWY-5973	42998.650669897055	25264.196177017144	28115.240986301145	22770.615328884465	38021.53000748347	42216.05063665699	39726.817182241924	51823.727378016665	27409.81572637056
PWY-5989	17380.91330051298	12506.061051723367	12483.030335674603	11600.880355278658	16382.676422717424	17671.80176190994	18485.67125969219	25256.203902516598	13211.366057045407
PWY-6060	3.1820098383696416	0.0	0.0	0.0	0.0	0.0	0.0	0.0	0.0
PWY-6071	1892.202271307653	1462.5614310895753	2039.0218327329767	1158.0492527694896	1765.8946312417152	2741.912319076609	3027.8918912155054	3390.265771453632	1404.9946211270108
PWY-6084	460.67601163057435	437.4079334374444	688.6303183948497	303.7270910385702	498.7789759308059	931.4276140565858	603.0766429528281	1084.3629945509595	43.30445054685881
PWY-6087	106.94626201643075	164.19841397408948	0.0	0.0	0.0	138.644171697131	163.5371518028759	342.86368891267614	0.0
PWY-6089	106.94626201643075	164.19841397408948	0.0	0.0	0.0	138.644171697131	163.5371518028759	342.86368891267614	0.0
PWY-6093	173.7076701908196	227.7772516609811	0.0	0.0	0.0	250.32607159758587	253.89098543831733	506.6425083346401	0.0
PWY-6107	105.47224215634911	159.90653233882574	0.0	0.0	0.0	137.17004478562757	161.48619327687612	329.8634228200323	0.0
PWY-6121	23442.556850720033	16009.51644790013	17037.875246140993	14040.840877913737	22757.464246579635	24420.625685581632	22365.41846864455	30776.219240148348	16116.178984810618
PWY-6122	25022.18118650617	16618.95802639316	17518.564611405967	14399.5585617053	23840.005839988284	25606.865915636907	23508.526962218253	32349.23089180795	16456.102200241567
PWY-6123	18838.505194585847	12324.863552334655	13115.23921000587	10894.194648005086	17760.420826069818	19421.224840552535	17808.641518572513	23988.864793155306	12560.41103789867
PWY-6124	19193.92114273485	12523.18972943809	13238.756932060487	11125.339868849698	18141.97043503738	19954.47512636739	18106.963847684834	24843.643613508386	12768.880219179408
PWY-6125	21970.853860185478	13719.718726316209	14941.58038760996	12790.064108514707	20059.318273472818	22298.231989582007	20565.602729199443	27851.58481635186	14077.482553115216
PWY-6126	5185.863157020063	2810.5332398586916	2948.186810003943	3106.746654319474	5552.07733405106	6786.1939224406815	5124.1753577311265	7346.3470539800755	3204.3705006281575
PWY-6143	0.0	0.0	5.358263046583748	0.0	0.0	0.0	0.0	0.0	0.0
PWY-6147	18042.8551966692	10234.638758435274	11531.677825519328	11411.167786094857	16273.807776270438	18550.88059789177	17758.32824346003	23442.35695563979	12312.890339448542
PWY-6148	0.0	0.0	0.0	2.3951067762216	0.0	0.0	0.0	0.0	0.0
PWY-6151	9761.56177939797	7906.988242456022	8449.111234978622	5943.714607801787	9645.867253353636	12554.768510627411	9847.986741326402	12677.644482388889	6157.039430101218
PWY-6160	14.858931046865221	13.730252297161966	0.0	0.0	0.0	11.646156374848585	0.0	0.0	0.0
PWY-6163	21554.105842091907	13821.587757739364	14829.440148388698	12536.145409393654	20270.665380859704	23125.86483762721	20575.423786481748	28245.154503801154	14321.02477763044
PWY-6165	39.57780778469816	36.55264306497015	0.0	0.0	0.0	31.030099720021358	0.0	0.0	0.0
PWY-6168	13391.76953056333	9873.279969747393	10684.809674566564	7800.601155581225	13511.143993521388	13627.635065349037	13773.591925873627	18688.397507108242	8320.269556299156
PWY-6182	1339.0578381919731	1234.6225641253718	906.5010559220045	960.0449783116296	552.4253820922037	2479.1973377971894	1322.6181693190433	950.9048997876498	188.38526888904585
PWY-6185	336.2540950120002	224.18714884532528	2.4988290462256364	0.0	9.982037310207744	178.38460224343098	218.4288814788584	452.081640951547	68.94201054601524
PWY-6193	106.94626201643075	164.19841397408948	0.0	0.0	0.0	138.644171697131	163.5371518028759	342.86368891267614	0.0
PWY-6210	1382.8439626269894	995.0851881148726	1083.7751296244483	622.2112873137471	1049.347918956385	1768.3011869092375	986.2109846995025	1270.1755120219009	1041.0270051345615
PWY-622	18037.7581782742	11846.753014332073	12407.963285001739	11123.80860491166	17797.2579138951	20330.683028419313	17197.348494361002	23850.672412282274	12317.557182276294
PWY-6263	10106.446053601894	6648.4374616677605	6396.491736861563	5487.8382253021	10458.314116694211	10540.020885587699	9569.82661005255	15250.40160837621	7278.266046134599
PWY-6269	4374.411740618797	1816.5359578031419	2125.985619836721	2531.64850629841	3493.522686694894	4205.7723530359435	3845.279948388477	4343.300198145263	1968.518582078141
PWY-6270	14533.265344515352	8931.905250044103	8869.753777752	8258.365415518245	13254.222585323983	13842.668551675983	13114.496874190172	18136.66259228397	8900.861148859774
PWY-6277	25022.18118650617	16618.95802639316	17518.564611405967	14399.5585617053	23840.005839988284	25606.865915636907	23508.526962218253	32349.23089180795	16456.102200241567
PWY-6292	16465.0916129884	10736.94889896297	12018.127287698524	9251.884055015878	16255.967172387347	16013.573612231801	15227.281806801944	22483.806885264752	11141.52682189601
PWY-6293	10171.817421785774	7560.669748646576	7609.124795219434	6872.4408817305075	9783.605981088558	11451.99825794644	10080.60548582993	12999.546279650307	6765.667140351583
PWY-6305	9569.978976890634	6018.572757232136	6656.548692478103	5853.64736650362	10078.324254704565	8846.52200505743	8459.4633578701	13471.939979185525	6202.557682506569
PWY-6307	6831.0730707187	5222.7171407500155	7223.973675278213	4158.918977695118	7444.466532134097	9530.018968680504	7811.363308210499	9943.801922323593	5240.611868843278
PWY-6313	8615.05468891732	5816.667075087234	8904.40395722855	6545.768955963838	8852.29724506444	12330.996397103136	10575.066572206353	12825.106646376556	7170.029390059681
PWY-6317	14731.039225462158	11171.871613869169	11587.70026197005	8607.663102340648	15436.266212042397	15701.791163115919	13042.045496029677	18290.828895272774	9810.657627367162
PWY-6328	59.798207378495555	58.4520447693718	35.03477469724803	34.53530506316717	0.0	83.08980937745724	0.0	20.28407215249191	0.0
PWY-6338	0.0	0.0	0.0	162.99727922124256	65.45373328973103	395.3938559872784	368.69602182762907	13.045105664210435	8.857635108991513
PWY-6339	0.0	0.0	0.0	98.12389380530975	31.859685863874343	250.17581120943956	225.07000864304237	5.967971530249111	3.9618138424821
PWY-6342	487.85949366397506	127.12051063377379	77.5471396757706	482.1057885445829	647.7779792694705	356.01312135743234	305.98167491914853	556.4266500710015	203.09114872487302
PWY-6344	0.0	120.0696623388766	0.0	0.0	316.61001707104924	260.629648626764	148.9161721846583	0.0	0.0
PWY-6349	0.0	0.0	5.282619575664486	297.4714532161341	287.9482425503693	23.466345378096594	294.3148853654115	556.9790731575318	0.0
PWY-6350	0.0	0.0	0.0	0.0	163.2392352646884	19.701311368823983	268.94899201442774	496.6935941759897	0.0
PWY-6353	14425.317996813059	9244.630534650714	9798.513096155715	8457.75488670454	13601.252537169627	15085.334588930567	13483.586955717226	17127.985902814147	9539.490824003198
PWY-6383	852.0097274571225	410.61060885233167	908.2506027071893	1015.6385309478903	517.705880771332	559.9786746964019	209.24073142744066	823.1759201555969	325.90848641704173
PWY-6385	20170.721263060484	13500.101860766945	14378.164992412263	12301.448112048476	19353.80370409814	20876.200989750923	20120.773561921706	26526.785457951464	13749.247556750051
PWY-6386	18491.311917792234	12356.88545515229	12742.188634684833	11218.676376193442	17530.187126330762	18029.405376289935	17859.885338090964	24012.337289063285	12105.542760118924
PWY-6387	19288.268052671247	12893.93408112725	13642.928870603615	11677.444236559697	18557.070278833846	19777.561005201824	19164.48949536624	25473.4547856004	13080.990044315187
PWY-6396	2551.5263701898853	1315.2652779027983	2059.118230490825	1252.2606808883631	1743.0630734409071	2549.9242143486213	2647.6060151448546	2011.3287837705377	1201.8384124248819
PWY-6397	120.01098396945449	0.7031735393874762	0.0	77.16716943377772	0.0	81.91966917172951	0.0	0.0	38.46421858021135
PWY-6404	450.2972238503365	2.805852780387819	0.0	295.43216011774007	0.0	309.16020357340955	0.0	0.0	140.3264868239913
PWY-6421	121.3186692061316	28.48292535509217	421.79391033197516	143.40270473328323	11.85990005073661	503.54952441780205	311.5887177583967	320.11790525553926	275.58651117962125
PWY-6435	5520.5934265749065	3690.5471008938375	4731.608647715979	3380.984478441716	4751.068058298813	9246.760000711465	5440.91836472923	6191.189321014706	4297.509221914782
PWY-6467	16436.08	11276.680000000002	11671.41	10475.83	16392.58	17729.25	16209.510000000004	22438.419999999995	11591.75
PWY-6470	0.0	0.0	2362.2690271992274	0.0	0.0	421.4407477220254	0.0	0.0	0.0
PWY-6478	8383.434375242163	5682.513308447018	5488.557376858407	4968.633638528609	8317.279014552412	8318.65912049194	6591.979192008839	11930.260806597444	4869.621645062669
PWY-6486	1239.8603552955183	634.1201473406578	408.7574537259685	640.4065073047186	763.7919519201258	962.3239037395429	987.5445281527426	1372.795115361727	376.8094940986014
PWY-6501	1597.2982409698718	754.606106187396	608.9559070538736	1271.1149477962151	1092.2603004419025	1068.5400432277474	1194.4108589371453	1688.9435981683955	598.0824861921121
PWY-6505	819.2054878819507	526.8659075990101	836.5430510669875	0.0	847.9205777549321	390.5592376052278	606.7605854878985	1356.12384672153	501.0479651504856
PWY-6527	10645.580073024845	7634.8028536443935	8262.264534707556	5600.279223344914	11389.828383196229	10180.166038866222	9037.797040534588	12868.296611745875	5964.224084859718
PWY-6531	1418.8497094207628	536.5163594985286	1315.6244462790548	1148.345851091891	1555.8882639143512	2221.5111569349388	2038.0129223105766	2390.398042834917	1747.177264187721
PWY-6562	1110.8842519479867	372.1301516175024	376.98972097135567	282.44744393964015	612.9864959964914	1374.8635403475505	1390.626121802231	1071.5503738446332	959.5021270876827
PWY-6565	0.0	0.0	11.884676667110497	0.0	0.0	396.685795838537	0.0	2.9971131120679715	0.0
PWY-6581	0.0	0.0	0.0	0.0	79.31394218017859	0.0	0.0	0.0	0.0
PWY-6588	1983.6991204207088	867.7491129344015	1191.9715849641227	1669.696475959355	1277.368095810184	1228.5250351815655	2394.8364069452077	1786.4580420208192	562.0714866112207
PWY-6595	9243.762459636371	5624.490487521207	6601.193653707976	5529.244689588959	8683.911935398683	10129.020959071795	9648.965262073036	10798.896931766109	6161.246345880237
PWY-6606	11509.691845336753	6873.021621234041	8806.86939869375	6813.751657281466	11839.71133996007	12736.227992536207	12202.651894595117	16088.356830629597	8539.325413699124
PWY-6607	11509.691845336753	6841.156681810729	8806.86939869375	6813.751657281466	11839.71133996007	12736.227992536207	12202.651894595117	16088.356830629597	8539.325413699124
PWY-6608	10812.314393841923	6873.021621234041	7315.965900031312	6522.368773308253	9465.965098963314	11915.471605877026	11044.978614647587	11002.84622572693	6669.57406939268
PWY-6609	17777.817227772015	11581.299727843945	12020.62009527028	9560.029023080806	18398.27628517269	19263.86081745572	15497.244481612117	24376.66791855221	12212.372608837106
PWY-6612	16438.619089418207	10891.39390279749	11312.242521343269	10539.591318780796	15506.01970364268	17148.30678169108	16285.574555887733	21619.522744058897	11075.921310372736
PWY-6628	20694.936200737327	12838.242666995196	14226.05371220808	11799.877108409395	19374.096614126647	22235.134117191767	19607.565652900426	26389.643309430263	13560.867646323319
PWY-6630	20614.82035169516	12632.251865639471	13976.645162752824	11714.975203877042	19271.947829508943	22087.1979074482	19265.45078213268	26461.65496236728	13569.385687472579
PWY-6641	1322.1649119537951	1014.3003549039311	1439.9206776537453	1007.9671957199388	1122.237215736748	2498.5034689365957	1644.1204340574589	2107.4881239980655	460.9930733176776
PWY-6654	0.0	0.0	0.0	0.0	0.0	305.04791957290973	0.0	0.0	0.0
PWY-6662	0.0	0.0	0.0	0.0	111.30461485605969	0.0	119.85324089863283	1.998502290664536	0.0
PWY-6672	1757.7484017252116	1332.5951457904227	1295.7023464182537	1053.9702875313844	1564.111375547521	2652.549885866801	2031.0549048362427	2627.169792657627	1776.3411288774928
PWY-6676	681.7393806565419	208.27389438338815	390.45780461474766	655.2347312230935	591.236627766219	1668.1407072486245	621.6293123618673	817.5483354224142	711.1379644997678
PWY-6690	32.33898944735713	5.72862753332029	0.0	161.3721796341996	33.205256894784974	206.97187023286256	0.0	0.0	0.0
PWY-6700	20463.02617687098	13191.83097047675	13677.32344872435	11504.511555191304	19573.832627147738	20957.126509252757	19197.44748976716	26799.21647812812	13431.33100801834
PWY-6703	19654.566759795107	13665.549409383682	14895.939613119846	11560.676470117829	19307.62267743858	21187.781295585195	18527.624305445315	25562.372355425992	13059.616029596118
PWY-6731	6061.364843430006	3450.3065057969866	2340.8151355820833	3275.262881138805	6670.462874066875	4934.036640768137	4754.604382272597	8754.132525175108	3668.288680042635
PWY-6748	4207.073790623596	2559.7336021379433	2761.4635916756915	2462.732997391926	3423.5214103566486	5500.852129233394	3974.940518637296	4907.291788599769	1702.9386240617218
PWY-6749	673.4741451972171	484.3670100366508	1200.2032296865948	810.561391729851	1097.22319151086	1337.1687853031792	1377.50869647744	2078.209950202109	1894.823954911841
PWY-6803	779.220350266326	972.0765220959631	559.8809080873037	816.8317398440706	780.4547969834134	1661.756117508519	942.1436199715066	1129.8813380368347	800.3057263937335
PWY-6808	4.962375818304427	0.0	0.0	0.0	0.0	0.0	0.0	0.0	0.0
PWY-6823	17671.34087266015	11305.636586773639	12768.500216204948	9998.630143637467	16870.1535834619	19187.027036562497	17007.87164834119	22965.166076335943	12027.223019637566
PWY-6837	1226.309079975947	736.557251908397	951.8485816027015	1030.2596450051342	1069.9847807725723	1085.6024151144186	972.0799407846041	1022.6199905423147	905.3383882149047
PWY-6857	0.0	0.0	0.0	108.33467024237925	0.0	108.46105756846327	177.7173341766347	231.76959768384143	7.478624152057199
PWY-6859	9280.795654912228	5348.909193764927	4853.722424850151	5181.19682380879	8483.27351887464	8111.042261161993	8038.187276107114	12165.971780513819	5425.610862826835
PWY-6873	3.19844939372065	6.395891704387774	0.0	0.0	0.0	24.874229365573985	0.0	0.0	0.0
PWY-6891	2047.9104615052613	1197.665477209852	2094.2937017335507	0.0	2180.440290027985	2163.232098430946	2178.67016468413	3349.7909150575547	1940.8717139237197
PWY-6895	6913.44433187266	4304.874743594869	6419.4473645293865	3177.7064681950515	7058.579481971318	7463.54524249125	7157.792662220756	10491.97292724105	5768.636050834807
PWY-6897	13548.535744854302	10473.989980795719	11535.89296292103	8649.770583072614	13057.449477736118	16181.81858504862	13740.114842900186	18785.018389945148	9311.515923067647
PWY-6901	17751.470629447325	10408.47064605847	11922.943714793928	9171.512577297231	16579.66178525527	17886.060519804647	15840.416804086643	22014.256061260716	11110.491453419607
PWY-6902	12807.771246576098	8138.251502601796	8779.619048874969	7907.415950122367	12508.451550282436	15575.196902401553	12238.486363146696	17384.853174021784	8972.963018942512
PWY-6906	1173.5455623667374	673.0296220349751	1226.974301497078	1098.8050214995305	1623.0306496313362	1313.321043471801	2082.0806686695023	1652.7157210015234	889.706563052882
PWY-6919	133.0	0.0	0.0	0.0	0.0	0.0	0.0	0.0	0.0
PWY-6920	622.6502470666103	118.63236510094545	358.4796095238494	0.0	371.40149734515796	66.2662699253743	126.77384186024254	244.7773292466388	221.7367048571444
PWY-6922	8415.62306002761	5557.829321183262	5999.297756603303	5473.313218588597	8511.002253396444	7558.889092995184	7601.361799086582	11212.436420382899	5547.01982948465
PWY-6928	0.0	0.0	0.0	0.0	0.0	11.793076761000627	0.0	0.0	0.0
PWY-6936	12002.661706761359	10074.039000501569	9965.686189423432	7519.207291353529	11698.872590119076	18395.402709716353	11797.470922585358	15784.90441305866	7151.665642214004
PWY-6942	256.298044500366	118.81892018328337	61.24516394063784	107.21242721083453	266.1821573589822	141.87590821228432	112.38696434674414	0.0	0.0
PWY-6944	5.614336015117175	0.0	0.0	0.0	0.0	160.25886271946325	0.0	0.0	0.0
PWY-6946	2.993509959636774	0.0	582.3757087500189	163.77290617581926	0.0	243.46493641092616	41.258715118519376	44.62496063281343	0.0
PWY-6947	0.0	0.0	0.0	0.0	0.0	11.793076761000627	0.0	0.0	0.0
PWY-6948	1.996610687647445	0.0	424.8941405101823	115.60826827769995	0.0	167.14797285028138	27.63316544399515	30.264916787226547	0.0
PWY-6957	549.6047483500242	0.0	0.0	0.0	52.08022164940706	481.89288976983573	15.299502161849675	473.42633288597665	232.95120143460434
PWY-6961	0.0	9.967046035232924	0.0	0.0	0.0	37.448466884390214	0.0	4.989607378287896	0.0
PWY-6962	294.77217100593066	109.32354465586414	528.0725642427732	126.81279329039481	469.40108246503837	278.6677972346214	522.8975593006758	172.20242903313942	127.28347367324206
PWY-6969	26185.357614431876	16887.856533302947	17719.034458330992	15121.028710670413	24274.22365713739	26459.959849929855	24738.22292874665	33477.609844283004	16748.39026093648
PWY-6992	3535.4329981994774	2083.546854305514	2870.1915308656758	2327.0726056210706	2714.4774865154404	3259.431865739579	3379.4183979183977	3297.2346597205615	2351.7914609174763
PWY-7013	1042.7979465556077	7.998855864285482	0.0	0.0	403.89603259007686	285.72161733369063	291.00667567443514	1878.1859348244204	0.0
PWY-702	16328.372676849458	11904.32448303274	12434.218692873541	9686.814013678988	16143.379650500825	19154.322191251627	15430.776562785995	20985.595689498557	10857.504467323615
PWY-7024	0.0	0.0	0.0	0.0	0.0	115.24759355183846	0.0	54.90478455337213	0.0
PWY-7039	730.202855436775	471.2367375743902	184.8794585147296	256.36082474226805	852.9270634916728	733.3843835290671	612.3152276767104	1209.6168411485264	428.94636277050444
PWY-7052	6278.636634359077	4426.087092200828	4489.704675721136	3702.1303469191052	6079.121499459881	6686.281168666225	6027.118800109279	9358.778890470476	4077.8403700917324
PWY-7072	2804.928506891491	1768.783082174565	1893.0216193194544	1939.6051034989023	1903.333396803508	2869.888442857387	2680.5268488809024	2117.5111437723544	1355.5265664353674
PWY-7084	630.3097126176036	822.1475961645921	857.4345675180379	197.3335901872007	975.2200636957964	122.15644017817267	944.4488923292395	305.35823598141127	73.01752889313137
PWY-7090	2824.363905741687	1976.7444072707447	1936.402149987591	1534.4666070471048	3078.066900439858	2892.080665290167	2611.478602966127	5079.451175078486	2213.4346527201133
PWY-7094	25462.50989510592	13965.115070081927	18356.822636847304	14725.135295520493	21584.304305583726	27939.807843357372	25378.10935748594	29214.35150378629	17314.857719492775
PWY-7097	0.0	0.0	0.0	162.99727922124256	65.45373328973103	395.39385598727836	368.6960218276291	13.045105664210435	8.857635108991513
PWY-7098	45.778504685028366	2.107278876779065	0.0	196.95884459619668	64.71987478944008	676.6630781203957	386.36541906209504	13.021363603398719	381.17663642854757
PWY-7111	22203.453628948424	13731.658887026353	16235.580746762957	13254.479433199136	20483.389723857108	25203.67103862676	21968.00043513004	26145.765136221293	15173.462990537719
PWY-7115	10370.672449478503	6548.552092782853	6933.190755975944	6665.8591409921855	9305.839804139527	9544.878488151862	9060.314932291885	12716.963343654133	6434.675733045416
PWY-7117	13372.270749378891	7980.587105293135	8802.954418488374	8429.545658163719	12807.503769456534	13372.72156084392	12900.00709286956	16214.446909928878	8388.660441247137
PWY-7118	8095.503815663644	5595.265076951822	7105.075993005474	5429.961053253629	8120.760602759359	8737.61248161543	8026.603077791685	10247.725685155345	5645.554964270475
PWY-7136	0.0	1.3298429319371727	0.0	0.0	0.0	0.0	0.0	0.0	0.0
PWY-7159	561.7297559725014	567.602865294017	220.202741519773	885.4319868492591	1359.7309746620194	396.52558088492833	0.0	1346.108525857064	103.26693642399593
PWY-7199	51.74037628413486	65.07233735163344	0.0	0.0	131.35413227092343	97.50892327590188	53.873002046949175	171.15083670599043	3.9991008205012926
PWY-7208	20759.369856016237	13546.70531216065	14130.297973156474	12025.193688522595	19613.9127092627	21618.3606536495	19325.48520977997	27152.85181065007	13385.46788816006
PWY-7209	311.51212183525394	9.990429252006686	0.0	253.18178337886266	270.5478134664183	0.0	64.73842374171109	539.0694359431541	0.0
PWY-722	289.63288951483133	415.91474057902747	310.0012161576376	320.1229668627505	174.1325608920849	828.7841352541226	415.178531826575	30.968814696731982	244.95996628126434
PWY-7220	23429.25786725287	14489.766483747175	15985.689075539914	13406.334593878395	21115.109810685233	23269.47820069599	21777.416310413097	29517.736891738048	14755.509119898785
PWY-7221	21100.29759682432	13235.660118084154	14341.298634511848	12367.698967651088	19472.380573115	21657.93970624884	19863.855396758652	26807.951721702917	13747.349020440675
PWY-7222	23429.25786725287	14489.766483747175	15985.689075539914	13406.334593878395	21115.109810685233	23269.47820069599	21777.416310413097	29517.736891738048	14755.509119898785
PWY-7228	22392.081422335174	13938.087435810083	15200.753818610438	13063.576992993294	20395.279030932903	22709.753360698378	20948.94520127656	28273.801488347406	14365.39452036731
PWY-7229	4614.818201910177	2488.7062958858924	2608.053031103364	2771.1663519887848	4975.0827852763105	6109.384399819055	4572.787700024351	6566.470281052497	2850.4391320822488
PWY-7234	16539.96329026245	10826.24054845204	11614.099439725174	9547.9276302978	14881.78658617972	16711.867733548763	15783.330766781919	19739.059617372663	10926.896269722009
PWY-7237	10758.92	6478.17	8419.32	6067.0	9999.0	11753.58	10499.0	13226.74	7204.6
PWY-7238	19373.402193866863	11419.786196932075	12440.092104781706	9980.100881045631	18460.360365161312	20270.919061051485	17161.078149051456	24743.531226492636	11769.31829495017
PWY-724	21657.894725479826	14434.553934947598	15415.437702210722	12712.114978417945	20531.153586684482	23533.954824969864	20396.817640364618	26897.8852707011	14452.12462815451
PWY-7254	600.2837790928556	140.54471897375655	192.34477734866954	394.6445112029693	484.6731618476393	1185.7548683271534	525.9774512792844	466.54619497834506	480.8974539965401
PWY-7255	1240.0728822460264	1215.9343797729023	86.04385278644382	880.2985615692508	496.6041178988779	1029.8408352769516	336.0401938390973	815.6616570625004	139.83375869582463
PWY-7268	705.1896012636121	1322.6177664604008	1366.7029118290816	1149.99639087345	940.8273752772562	1769.206437961984	1158.0939976875118	1599.015621731398	853.0973877996942
PWY-7269	476.2293859091343	913.2193894539862	943.7049059477614	793.8835902305542	638.8851357039431	1217.9819175425284	789.1316041069775	1090.3779269765323	582.7297770837458
PWY-7282	5127.916009190799	2954.0434622636935	4220.806330651994	2135.3401095815198	3470.1913759531085	4465.1636022171415	4774.497109891901	3626.094608306537	2446.5413497602676
PWY-7286	0.0	0.0	0.0	0.0	0.0	11.998232211753534	0.0	0.0	0.0
PWY-7294	6566.401498543939	4701.074181708106	4830.198380299309	4165.783658878667	6351.6874598591885	8219.396295913199	6880.489387490743	8347.582894879648	4879.364529774522
PWY-7295	627.3023155614304	143.02551697315408	1192.5563118319583	978.9360796501601	1155.8301398258955	1261.4109758023585	1401.0462910427084	1257.8880086574834	996.8242586353507
PWY-7315	3740.4811979960145	3090.680852343568	2268.6717067432987	2741.138321566646	4642.913695338974	3420.8020037526258	3850.9293969823707	6821.84419604588	2998.5277499665535
PWY-7316	1054.1753625438953	1377.6752199895045	998.6272440564176	1403.4553292547432	1546.6068942605802	1373.655320044131	1451.3743077570246	3785.448406926069	1551.9622886181307
PWY-7323	21512.8209349935	14262.078124671245	14118.953638135077	13345.002838116472	20606.518296676433	22806.959493142138	19554.359022113087	28001.875250513007	14484.574321573615
PWY-7328	10138.574283637456	6663.672561938086	6125.218474452889	5407.022468354916	7796.902964197568	9703.61595718092	7758.916429648778	11679.411789218871	6229.976429950128
PWY-7332	2805.569725645462	1558.2334790300038	1619.2873405111573	803.5787011118244	2815.254897222894	3968.2637126929435	2282.359259419833	5471.523064344814	2915.679709269598
PWY-7337	831.8536045888287	205.0363235469556	523.9546817852645	0.0	554.7563379589687	125.07958931312078	224.7772497704393	396.5655845602005	358.54475105331164
PWY-7338	831.8536045888287	205.0363235469556	523.9546817852645	0.0	554.7563379589687	125.07958931312078	224.7772497704393	396.5655845602005	358.54475105331164
PWY-7340	1161.1733281919894	255.59034358249772	703.2988948088837	0.0	739.4333327598079	150.2387430787491	278.84716296798695	514.8640443256229	457.88239868031764
PWY-7345	18518.960183400755	11056.131049530562	12341.176971629542	10864.099554358421	16320.70024442491	18801.54953833037	17372.952883809085	23518.308562185717	11766.393012488747
PWY-7347	0.0	0.0	52.553657383743115	0.0	0.0	17.28012714382132	0.0	32.71834383865033	49.54344403461886
PWY-7356	1846.626654973553	1934.2308316037845	1922.0042050002373	1046.9774869517798	2011.6946712730319	2410.555462725699	2070.4331435989616	2611.596073222383	1069.9422915217326
PWY-7357	12356.170614509676	10136.303771529576	11395.92193722574	8132.665426251692	12176.937276084476	15442.122371441887	12916.334517294472	17788.83609702164	8660.586353524484
PWY-7371	10709.258903306514	8548.57602863815	8350.80990570342	5797.608759377573	11219.5701170031	12586.209015350549	10383.536611642267	16532.282279349336	7727.538913666636
PWY-7373	846.353658753002	539.8407112216483	870.2207721591326	181.62969097390763	816.8233670009794	290.8695403142434	578.7509735069741	1065.844766688005	447.66612505609095
PWY-7374	10601.746173919406	7948.964633942973	7781.340492243983	5614.919903416848	11003.612806004405	11276.724345751532	10064.025109295724	15843.272226659172	7326.219802544783
PWY-7376	2382.7155522036865	927.3231521392343	1312.7917601912573	1717.9751987615832	1521.4577532816672	1605.6972367217704	2422.516044760621	1850.1313012390513	659.429988572039
PWY-7377	960.0454775009089	438.7458215671704	204.1041030422593	425.8408784212908	655.8934354089929	373.4257116089675	140.8911805018935	874.7989411364205	64.23501580095785
PWY-7383	12209.793657162616	7991.364547375847	8597.695191840869	7232.542153395736	10347.340812822918	13552.41706648215	11185.78695185881	15267.07702115594	7884.5676634370975
PWY-7392	14032.292841816958	8528.323259812845	8317.100853044103	7987.531933514318	12839.761744742007	13255.790015244273	12601.82113307202	17854.93484393944	8573.402615492378
PWY-7399	1038.7973362735959	742.186783534434	857.307918086948	819.440874340408	619.2677222627741	1069.1246107592779	657.0658418624062	748.2415123592735	525.9548459961869
PWY-7400	18242.1256301132	11632.945899367538	13015.20797979512	9976.33865121964	17606.22164841931	20116.476180540933	17522.289295266153	23898.866933854133	12468.510052549933
PWY-7420	0.0	0.0	0.0	0.0	0.0	0.0	8.809523809523808	0.0	0.0
PWY-7431	6221.674748147507	4200.369920849403	6645.014351732713	4807.7199925031455	6407.478111000408	9133.256856341484	7756.727690079297	9401.393773910664	5222.69144171364
PWY-7436	144.98495074407882	74.6335476239852	39.25138065043976	169.5512622131836	170.31868825951844	92.58904629053235	72.3298785386457	185.3976880055564	16.58552015652275
PWY-7456	3495.7323553808747	3522.808606219558	3173.7403329358463	2792.3586882607165	3744.8549455810585	4386.73855014381	3944.131426491691	3100.3446609092016	2424.567519551893
PWY-7480	1427.1036035823665	1002.3348144828411	1233.9339916695276	645.8412442987606	1046.695315103628	1957.750124945743	1025.6835719633586	1225.2696190226598	1076.2861522140522
PWY-7560	18623.826610913988	11933.930992973246	12769.826655537654	10771.929520598023	16957.522430520043	18973.168069479303	17347.89969236214	22722.482549034346	11837.4597346165
PWY-7574	313.3840616306211	0.0	0.0	0.0	0.0	89.67544042839444	0.0	39.124675422651435	0.0
PWY-7579	0.0	61.795275590551185	0.0	0.0	0.0	9.35670731707317	0.0	0.0	0.0
PWY-7644	0.0	2.9953697305414706	3.990911895305034	0.0	0.0	37.748343967447205	13.933661496818416	0.0	0.0
PWY-7654	674.5484043333898	333.25916603065235	71.3974122328387	142.26122128899505	641.0476202436166	826.3761456765502	394.845132859375	421.44765909095446	561.828600217638
PWY-7663	42419.724162850864	24295.854537396637	27421.31132627385	22148.773339537154	36765.345086289766	40484.48326904764	38718.46602116639	49814.77448008321	26500.227621404465
PWY-7674	3600.973261286302	1501.4357608705182	2096.366402055388	2060.048476146674	3469.8583190348195	2356.4090871121534	2925.478745189919	5741.7016707757275	2299.455147739083
PWY-7761	15092.08922691655	8854.767890766385	10392.771874898473	8260.65640067831	14132.95337655024	14054.081438110132	14026.613461637256	18967.95612838009	9611.217691589982
PWY-7783	728.020820718245	874.3173342744544	522.1052351493381	701.17089678511	732.8453698921812	1307.4176594885816	853.4565619223661	1002.0871449205586	648.2342878393454
PWY-7784	2768.540326563014	515.9610164465838	609.0625388235011	560.5610246530063	2032.0229608001043	1209.27364349352	1508.12833859594	2760.4544555475013	1060.5101687319939
PWY-7790	24780.36450444039	16075.695493203035	16826.976799202905	14101.147735572065	23865.827777476603	25397.841132595102	23151.815727794215	32230.00831575865	16563.066030438476
PWY-7791	24780.36450444039	16075.695493203035	16826.976799202905	14101.147735572065	23865.827777476603	25397.841132595102	23151.815727794215	32230.00831575865	16563.066030438476
PWY-7805	1302.0444903173438	826.6235606144048	1270.386445788521	1266.0050031927306	1193.4181144994845	1479.6126582828167	2077.858961719441	1119.9239985790944	1463.4747553754585
PWY-7807	1944.2079653917435	1440.9203039420402	1889.8000183400623	1744.639321126501	1505.7307652464165	2924.0541570220244	2813.917736367515	1498.978537558229	1877.6482378851254
PWY-7820	585.3929338540161	981.501819470426	720.2099608877278	471.44757963206825	741.0902535446395	365.06799190356264	351.24990996654066	946.5394882287741	224.3113197796077
PWY-7851	21117.838619778755	13327.770364995626	14201.134319360792	11766.416669949553	19810.99253167392	21550.797566041958	19705.64988058964	27344.450395370553	13830.549924002798
PWY-7854	3639.611051929481	1803.3019553772874	2505.8846668663923	2032.0273381294962	2304.988308543757	3522.7361659799444	3716.815491581912	2906.2833238444805	1112.592672413793
PWY-7855	1247.9823508285206	435.1516669769385	812.6179972608703	641.9157716392713	988.2651699695363	1297.778934236734	1678.3630174000318	1044.772522073068	1052.765247266176
PWY-7858	1815.720745239349	1077.420132443076	1425.5569266973619	1574.4584872329326	1552.9644737272322	1621.745654215387	1481.4752391048648	1474.3976829581286	1364.412198110011
PWY-7873	843.6226521628115	531.7168657163578	602.0555371387863	812.5823429796249	802.0306560456451	1180.575789281932	1048.7380036586	836.1757745650917	426.20622208014
PWY-7874	870.0571736680582	465.29544871246463	560.8524506348583	767.281067188446	693.2579209364459	943.337620727385	779.6840706715426	743.5296825465006	295.16081936026194
PWY-7883	11101.38684576117	8597.448879893725	8322.94089449909	7288.982587487112	10837.374233548888	13066.666883456519	10515.731518533747	15946.78284926471	7641.146547711796
PWY-7900	2006.2767344641172	353.84642083455134	1730.9202033294819	1669.0592876798212	1619.4291747795573	2574.747222520146	2383.5179245832915	3342.042761980353	1220.596530778316
PWY-7902	34.477209161388245	0.0	0.0	121.03556096477472	0.0	152.59452230699574	8.998429987122515	204.89850836089266	0.0
PWY-7913	262.0966879391849	836.4853076664318	63.188431603645476	692.7665733827703	110.62398175315197	290.03921980224425	328.18871857660554	963.9446377484605	444.39061558905206
PWY-7942	3363.214242949151	2484.146746459418	2337.7652327999185	2301.8649855546223	2605.556142551512	4523.283380750627	3347.544462032285	3800.2522043280032	2399.6582086094804
PWY-7947	185.36693240605263	53.63539491521083	165.6226661622639	87.45234439920301	330.316174071716	43.231634975089776	145.04659754503712	630.5120968417348	0.0
PWY-7948	0.0	1.499728713014541	0.0	0.0	0.0	22.463892157911626	0.0	0.0	0.0
PWY-7953	20288.105917500627	13239.394513834504	14194.394180569989	12098.93734794795	19409.78813634525	20440.913426216415	19946.199368866295	26539.695907965157	13581.403804844605
PWY-7977	25170.735367281923	16192.54181648355	17276.230328117945	14145.894785315106	23651.569608054677	24718.909733536802	23141.924258939263	30786.742542812655	15632.237298135282
PWY-7992	15951.822541193696	11870.867166774406	11384.845633795145	8808.624497930865	15885.683720001685	17695.732084957875	15237.044868107558	22934.09267803531	11046.782583778388
PWY-8004	4328.661593894836	750.7851724217202	3259.3269057483762	3801.475023300331	4182.098668557435	3680.3343802745	6038.09367300424	5992.999436031558	3344.212491655415
PWY-801	9210.180192683545	7415.537564307955	7173.660453200028	6337.070562906183	9347.868505136521	10591.503385244216	9434.865853040777	13106.076880390978	6428.485029290518
PWY-8011	6910.0	3873.9300000000003	5169.16	3938.4999999999995	5940.5	9231.18	7630.499999999999	8993.57	4603.6
PWY-8020	5903.910369739748	3643.029815108722	3587.4345304252665	3191.3137546824046	5209.753757465699	6334.256928702643	5608.018695848602	7862.797004861329	4224.46074878866
PWY-8055	63.58299845090874	9.951665126890338	0.0	0.0	0.0	61.15351948365936	34.09642337247786	94.51241014343805	0.0
PWY-8073	16922.265947592132	12112.996690435928	12383.906128139088	10571.996512258138	16879.839316771944	18913.642248172022	16985.93349857694	22687.592624431647	12076.161132518204
PWY-8085	236.1882815050838	349.2848660068176	0.0	308.6525767611838	0.0	716.0458521533748	0.0	134.28433259688416	295.4593297318416
PWY-8131	1494.962707314122	1188.0826223644474	1365.8316685783439	1201.083487418551	2292.1015486054785	2330.7056067923504	2644.912007395488	3613.1433827502588	1768.9145786948263
PWY-8154	7.148479781742426	0.0	0.0	0.0	0.0	187.1752830089037	26.622832409487643	63.161052234089425	0.0
PWY-8178	28966.204401968957	18688.268048947735	19922.11662834941	16875.59934201346	27588.125937511883	29502.87569916688	26950.239595880255	37522.78643499917	18732.850859395225
PWY-8187	9961.740426290862	6729.395802989184	7139.332912891154	6259.047052268247	9916.50200700816	8834.041515653475	8881.112008731565	12544.210368954797	6417.569932995542
PWY-821	15737.511540434532	10787.642394984541	11665.223715588249	10269.095341774615	14787.283464255333	17857.419365852544	15658.706250449166	18631.447313250366	10418.54584311215
PWY-822	10.92	7.67	0.0	0.0	0.0	45.0	0.0	125.0	0.0
PWY-841	21703.348076760845	14000.520357507508	15018.271248420624	12628.340059096841	20282.962901548348	22240.838439913805	20437.319916811	27766.05400216746	14282.948899730538
PWY-922	586.2032552308535	423.6460643063848	0.0	484.1598750425828	395.5806009810969	333.28470002184537	201.2135989858911	788.2407986510847	480.09064021478093
PWY-I9	10085.118745676287	7865.644461512594	8022.236852812746	6532.912979913102	10111.0728345954	11491.931249419084	10304.219242128236	13732.02464819052	7062.711922909623
PWY0-1061	10018.552843010128	7022.704935894009	6937.767010674119	6779.596255736832	8823.094364322327	9778.996634024586	8781.238154480556	12811.892062382964	6298.754295883687
PWY0-1241	13734.02795038681	9951.437665308496	9192.668561594179	8398.522403215582	13310.912914528351	15695.417581317128	12191.604336236634	20495.92463145974	9194.747447037027
PWY0-1261	14849.724528008997	10661.96663351455	10447.35332799673	8674.717004777965	15592.57855385709	15171.597266613275	14481.84921084782	19534.550616953336	9802.85595589748
PWY0-1277	121.22592373331074	22.342191589874155	0.0	233.37925700307088	124.71575170294179	634.4176090629659	0.0	0.0	0.0
PWY0-1296	12069.673300836359	7844.683609869448	8099.188405731339	6726.793960255302	12789.630213869588	11820.042013778484	10186.43239723389	18313.490756545078	8645.961238318821
PWY0-1297	6618.9559927376	4407.495982254631	5098.524500669513	4034.8270231524557	7405.491128988252	7629.993648178175	6723.288607301345	9633.716058689983	4964.714236685209
PWY0-1319	28647.737766212136	18134.027924891376	19706.577536472963	16523.502867229527	26886.805769884242	30071.752676052223	27154.598581155693	37025.315807207626	19202.893228328467
PWY0-1337	1926.4698538659695	1117.8355672791017	93.00149149353116	963.1851277851964	1378.0878866485905	2647.1012446567165	2110.1841485823097	3525.652125873045	1702.651585571699
PWY0-1338	385.20991798217574	148.32905552520202	55.06829198251859	132.78358828170187	510.47089483628406	387.0525573626169	142.6741150873699	788.1844461166812	90.97785773063288
PWY0-1415	3201.8458332632595	1431.71176592001	1234.5067269043288	896.0176739045287	3042.703522234115	2204.941360461066	2228.242784569784	4523.170648092936	2036.072239638571
PWY0-1477	7432.851647347202	2789.562651893081	3679.684112684164	3938.5800314160024	6826.0901990713255	11329.712914978643	9019.05017682241	9330.444780220801	4738.392252397983
PWY0-1479	9967.40862971582	6799.499589906343	7323.896725013104	6189.786489667712	9316.480045641205	11381.527243414215	10001.859939321248	12538.947087212218	5789.358432890634
PWY0-1533	2047.017025722662	1509.4614074128083	1976.5837305831578	1933.190558975161	1733.9351579891463	3254.2505297785356	3088.6327256242357	1731.7723472031846	1879.2521272909712
PWY0-1586	51725.78627422479	35636.1723554407	39854.9383842218	33136.74858388862	47903.02877969956	56942.21734079532	56178.51482313919	63055.96301711866	36789.75872230693
PWY0-162	18782.757535328557	12720.78306016277	13253.20569403054	11500.116911409099	17936.18958627104	20258.053074404284	18146.896527517853	25064.393245157997	12768.837649989904
PWY0-301	1636.8151194304205	1667.8769806807775	2065.9354707273233	1452.345261709804	2415.2030462585203	3836.8351621651827	2206.763982110322	3667.8551370067535	1720.580825898614
PWY0-321	4897.155325225645	3335.463605181522	4147.076799771126	2990.716393901041	4811.925325834871	4930.07281895766	5355.494990928389	6663.529197304934	3910.2805076613467
PWY0-41	1111.551168597099	536.9356518868677	964.4425301574155	665.8256400580572	869.6273672893609	1285.4212816076938	1425.2909728084198	1035.553309805476	451.34785037995
PWY0-42	2306.2758579298998	1618.7516160944758	2005.4054299148409	1900.315668566802	2107.4455138937515	2836.4512215229106	2468.2304451923096	2423.0104779369185	1171.848025441469
PWY0-781	4914.443878310537	3476.9198983071665	4732.78649415875	4633.410923393563	6425.530399841634	5275.318155223771	7253.966206183818	6074.356399958693	4842.532089398759
PWY0-845	3122.5424488617537	1721.3468059251777	2371.0464839195456	1346.6722452308695	2638.3664411988034	2786.126752369064	3699.6240453281544	2880.710783524273	1721.073753835647
PWY0-862	7260.003747662485	3579.9271090974808	5988.290716735805	4919.136377434872	5342.441293795782	7310.030343744635	9254.722214422472	5784.393109656931	4761.461413181088
PWY1G-0	1248.1457262562328	197.03824943283016	772.8272262666327	539.9236844396845	453.51270786608103	1019.7022939032507	929.9559803041974	913.3635912600977	528.1179714071553
PWY1ZNC-1	16880.093468887007	12043.751666335715	12861.396984798232	11093.40263620315	17354.841081746592	19832.34516198115	17423.043955792546	22104.040660282684	11797.796133773454
PWY3DJ-12	214.58204631593006	0.0	5.601754935756817	105.86207255504084	176.6373737809568	94.61371706802711	206.47530627661789	0.0	0.0
PWY3O-4107	8588.013795575967	5559.417018815629	6856.779210604942	5434.913680350825	9165.517450735733	8145.999009600427	9730.138775163407	11703.237111817736	5287.277433880547
PWY490-3	5251.420758623384	4111.830568728068	4930.227248188227	3674.420324991987	4736.83090048923	7035.8355095176585	5941.583553217461	6705.127530319551	3905.8980647764183
PWY4FS-7	23747.8987330528	15293.166309673084	16621.876734327358	13827.268043154298	23014.677067284272	25242.9152273852	23400.95703716328	30962.315462483057	16092.169114397284
PWY4FS-8	23747.8987330528	15293.166309673084	16621.876734327358	13827.268043154298	23014.677067284272	25242.9152273852	23400.95703716328	30962.315462483057	16092.169114397282
PWY4LZ-257	9.979041007556809	19.811633117331798	0.0	0.0	0.0	76.69661448140552	0.0	0.0	0.0
PWY66-301	0.0	0.0	0.0	0.0	24.725677011783056	0.0	0.0	0.0	0.0
PWY66-367	2485.6695725408135	1177.1328128110533	1337.1679622701488	1614.7107015697927	1689.9271369224348	1829.2280576388032	2719.2575339787227	2472.3616914425234	916.1685240043736
PWY66-373	0.0	0.0	7.998017665964196	0.0	3.999635768103202	0.0	1.999908923908999	1.9999341270352515	57.890152218277784
PWY66-388	208.1579291061964	78.67169113779325	401.7394578528483	151.1791218645555	375.32980665252364	1015.170388986264	497.5192139135364	899.1865426869381	538.1035804180162
PWY66-389	40800.35847036649	26453.419811667332	30573.212675853618	24159.418558514004	39174.81354141922	44193.54780400111	41216.41776199968	49142.29026536207	28396.49480728463
PWY66-391	1968.6194646809583	1193.8074086995377	1529.554391106486	1732.861690085812	1725.483237731758	1749.718723725787	1545.1245149656881	1630.9762183896428	1502.417980393347
PWY66-394	0.0	0.0	0.0	0.0	0.0	22.302418977144995	0.0	0.0	0.0
PWY66-399	13788.720731795003	8511.843905210471	9065.619565178964	8290.951705398089	11801.712495391756	14121.692644066445	12823.794854861484	17808.62294630924	8761.495302450381
PWY66-409	13249.10721566581	8416.029804652453	8873.683963321288	8483.711711313023	12680.606494480211	14410.412513728901	12810.987749632917	17974.698399685527	9358.04332381048
PWY6666-2	487.859493663975	127.1205106337738	423.0	482.1057885445828	647.7779792694705	356.01312135743234	305.98167491914853	556.4266500710015	203.09114872487305
PYRIDNUCSAL-PWY	6434.084943739501	3808.919411630988	5635.442102736367	4463.04652929403	5769.087975212598	7054.215644474494	7575.549728762256	7054.680130217568	4595.414637002807
PYRIDNUCSYN-PWY	17643.598210951408	11797.658957116113	12154.205306644635	10318.45000538136	16253.096663714658	18396.826892597426	16516.74116549272	22398.215663457195	11408.722125926757
PYRIDOXSYN-PWY	3365.330992015836	1694.0256675976004	2087.67787024553	3038.8729744545103	4895.6548624882635	3017.3304867540924	5945.889409769372	7600.681708079391	2472.224003188633
REDCITCYC	4713.964561517575	3593.149285709521	3297.5321955434506	2854.1020501253224	3755.6290950609987	3288.6190109798968	2974.7060142110263	3822.689106691261	2886.297335661114
RHAMCAT-PWY	5687.645761111462	3805.8636064205593	3393.0490441503352	3606.4690603153867	5943.066165173422	5811.079556108356	4948.493161288741	7442.826058231734	3381.922505192764
RIBOSYN2-PWY	19343.763450785144	12782.26622709075	13829.100824921454	11151.622474767746	17963.383278457277	20243.350624304454	18129.713717854545	24570.02816798694	12537.446525015397
RUMP-PWY	2480.4090192326157	778.7087280177606	1053.8793393256024	1515.2332254608577	2379.7047538490247	2937.6503173555734	2263.5816396989317	5811.184883455295	1822.9607646778557
SALVADEHYPOX-PWY	21973.88964018898	14738.022789343677	15724.332114825067	12353.747720768471	22333.33533228973	25702.894162099627	20444.971533934513	28032.50844239829	15647.956469666547
SER-GLYSYN-PWY	28768.120721420775	18267.467774460354	20109.986100663944	16905.91737830716	27725.20300730548	30404.03795461743	27733.96648294381	37810.75278297894	19169.5596548418
SO4ASSIM-PWY	17652.42761676481	12401.34684322803	13655.980067074477	11754.08034636671	17354.841081746592	21108.173897213645	19164.922282750475	22104.040660282684	12320.37818697762
SPHINGOLIPID-SYN-PWY	86.30451477538604	0.0	6.4660699064577365	96.64013295985592	145.84025940959907	99.91199546684749	213.37230690632768	0.0	0.0
SUCSYN-PWY	0.0	0.0	106.96323279444847	0.0	0.0	34.630249637813684	0.0	65.71867562528764	100.33173908366463
SULFATE-CYS-PWY	20479.660163132296	13911.959511460362	15299.787871056842	12874.842470809523	19785.064987361733	23491.5341756514	20750.13117425179	25429.15483348585	13943.218285551091
THISYNARA-PWY	12228.661435743941	9603.374649639141	10347.305453199257	7911.762396557949	12111.485172918305	14903.405834425714	12163.69545786794	17649.039244085612	8537.835956299223
THRESYN-PWY	25722.61550763056	16687.08474862122	17859.764239251457	14492.732633527785	24460.3196113863	26519.95539002392	23940.337737828962	32289.244402804947	16404.74189258845
TOLUENE-DEG-3-OH-PWY	616.2306086714752	136.05091328451132	0.0	138.24330434231024	33.184379556021135	557.5946738476522	57.91994997223958	114.98655239918098	163.8311482130815
TRIGLSYN-PWY	0.0	0.0	0.0	0.0	0.0	0.0	29.179576583082888	11.906991529052167	0.0
TRNA-CHARGING-PWY	20611.496318866048	13114.785224972951	13911.646667564373	11759.455339073831	19546.61551175627	21040.413078809986	19316.586192319974	26893.42110078135	13472.352477856502
TYRFUMCAT-PWY	4699.437535793024	2644.2191316885633	3815.10136188885	2730.7239806645416	3475.468374598488	4833.9729373163955	4448.973585660473	4673.532356240544	3041.8429393092392
UDPNAGSYN-PWY	19011.244351453137	11630.269627897429	13071.71709425067	10770.68747393444	18090.290759890966	19475.832943417183	17936.633622836423	24639.301353761577	12619.225559956143
URDEGR-PWY	1169.3744574416617	507.3167935744976	1010.3939500088427	620.1404758761356	1199.6877719511538	1436.9236619765052	1425.238725588472	1191.4938318984766	985.2749140184402
URSIN-PWY	4526.956715581782	2287.1598598040637	3123.7530951841695	2811.9398699189387	2982.340745091299	4648.75407496816	3222.5061192917924	4063.7524363082252	2456.3655114793655
VALSYN-PWY	25424.74542544972	16416.51054649399	18983.628174927206	16218.551787050814	23276.275927597813	29902.700505421795	25914.575255654374	29170.64638090287	17765.825364608227
